bloque,acto,secuencia,planos,n_planos,entra,sale,dur_seg,accion,dialogo
1,ACTO 1,SEC 1 — Descenso al corazón muerto,1-2,2,0:00,0:13,13,Negro total / Una línea de luz raja la oscuridad: el borde de un planeta amaneciendo,
2,ACTO 1,SEC 1 — Descenso al corazón muerto,3-4,2,0:13,0:28,15,"La cámara cae hacia el planeta, atraviesa nubes doradas que se abren c / Sobrevuelo de cordilleras vivas, crestas nevadas encendidas por el ama",
3,ACTO 1,SEC 1 — Descenso al corazón muerto,5-6,2,0:28,0:41,13,"Bosques que respiran: copas ondulando como oleaje verde, bruma subiend / La cámara encuentra una grieta: una fractura seca en la corteza, como ",
4,ACTO 1,SEC 1 — Descenso al corazón muerto,7-8,2,0:41,0:55,14,"Bajamos por la grieta / Textura de roca deslizándose: vetas grises, luego negras",
5,ACTO 1,SEC 1 — Descenso al corazón muerto,9-10,2,0:55,1:13,18,Más hondo / Llegamos al centro del mundo: una caverna negra y sin fondo donde debe,
6,ACTO 1,SEC 1 — Descenso al corazón muerto,11-12,2,1:13,1:30,17,"El vacío negro sostenido / Sobre el negro, aparece el título: STELLA FUGAZ",
7,ACTO 1,SEC 2 — Parque de la Luzagua,13-16,4,1:30,1:48,18,"CORTE BRUSCO: un cielo azul, abierto, deslumbrante / @Stella (14) corre descalza por la hierba de un parque, pelo blanco al  / Junto a ella corre un río de luzagua: agua y luz a la vez, que la gent / @Stella se toca el brazalete en la muñeca",
8,ACTO 1,SEC 2 — Parque de la Luzagua,17-21,5,1:48,2:07,19,"Del aire se enciende @Gix, criatura de luz mitad chispa mitad travesura / @Stella va tras @Gix, riendo, esquivando a la gente que pasea entre la l / Detrás, sin apuro, camina @Vera (~40, pelo blanco recogido, ojos gris-a / @Vera observa a su hija correr / @Stella, de espaldas, sin frenar, la voz llena de sol","Despacio. Te vas a partir la cabeza el día antes de tu última prueba. | Mamá, soy la mejor de mi nivel. Te voy a hacer sentir orgullosa."
9,ACTO 1,SEC 2 — Parque de la Luzagua,22-24,3,2:07,2:24,17,"@Stella se detiene de golpe / Un MECHA colosal, máquina de guerra antigua, arrodillada para siempre, / Flores trepando por el metal oxidado del mecha, una enredadera meciénd",
10,ACTO 1,SEC 2 — Parque de la Luzagua,25-28,4,2:24,2:43,19,"@Stella pequeñita al pie del gigante, mirándolo hacia arriba / @Stella, sin dejar de mirar arriba, pregunta / @Vera la alcanza / @Vera, a la altura de su hija, eligiendo las palabras",¿Por qué dejamos de hacerlo? Conquistar planetas. Éramos los más fuertes del cielo. | Eso no es tan romántico como suena. Lo quisimos todo… y por poco nos quedamos sin nada.
11,ACTO 1,SEC 2 — Parque de la Luzagua,29-32,4,2:43,3:01,18,"La mano de @Vera muestra el río de luzagua corriendo entre los dedos de / @Vera sostiene la mirada de su hija / @Stella asiente muy seria… pero los ojos ya se le escapan hacia otra pa / @Gix la llama desde la rama de un árbol, parpadeando, travieso","Una persona es como un río, @Stella. Si lo represas para ti, se pudre. | Y envenena a todos los que están aguas abajo."
12,ACTO 1,SEC 2 — Parque de la Luzagua,33-36,4,3:01,3:20,19,"@Vera lo nota / @Vera, todavía agachada, en voz suave / @Stella ya corriendo, girando el cuello para gritar por encima del homb / @Stella se aleja riendo, blanca contra el verde, cada vez más pequeña",Voy por tu hermana. Nos vemos en casa para la cena. | ¡Dile a @Selka que esta vez le gané a @Gix!
13,ACTO 1,SEC 2 — Parque de la Luzagua,37-38,2,3:20,3:35,15,"La cámara se queda en @Vera mirándola / El río de luzagua sigue corriendo, indiferente, brillando bajo el sol",
14,ACTO 1,SEC 3 — Laboratorio de @Naio,39-42,4,3:35,3:54,19,"La puerta del laboratorio se abre / @Stella entra ligera, la risa aún en la boca / La risa se le apaga sola / POV de @Stella: @Vera y @Naio (~45) de pie frente a una proyección de dat","Me mandaron llamar, ¿qué es tan importante que no puede esp—"
15,ACTO 1,SEC 3 — Laboratorio de @Naio,43-46,4,3:54,4:11,17,"En un moisés flotante duerme la bebé @Selka (1 año, ojos cerrados) / @Stella, la sonrisa completamente ida, la voz pequeña / Nadie le contesta / @Naio, la mandíbula tensa",…¿Todo está bien? | Póntelo. Rápido.
16,ACTO 1,SEC 3 — Laboratorio de @Naio,47-49,3,4:11,4:25,14,"@Stella obedece sin entender / @Naio se acerca, baja la voz, como quien confiesa algo prohibido dentro / @Naio, un beat, y luego lo imposible",Escúchame bien. El Rey no nos está protegiendo. | Se está comiendo el planeta desde adentro. Y está muriendo.
17,ACTO 1,SEC 3 — Laboratorio de @Naio,50-53,4,4:25,4:44,19,"La proyección lo confirma: el mismo descenso de la SEC 1, hasta el cor / @Stella mira la proyección, incapaz de creerlo / @Naio, sin rodeos / @Naio activa una máquina sobre la mano abierta de @Stella",…Eso no es posible. El Orbe le da vida a todo. Tú me lo enseñaste. | Por eso lo quiere.
18,ACTO 1,SEC 3 — Laboratorio de @Naio,54-57,4,4:44,5:00,16,"No le pone nada / @Stella aprieta los dientes, aguantando el dolor / @Naio, sosteniéndole la mano recién marcada / @Naio le cierra la mano de @Stella sobre la llave, con cuidado","El Orbe es nuestra sangre, @Stella. Solo nuestra familia puede tocarlo. | Lo que acabo de hacerte te permite integrarlo. Meterlo dentro de ti. Y una vez dentro…"
19,ACTO 1,SEC 3 — Laboratorio de @Naio,58-62,5,5:00,5:19,19,"@Naio la mira a los ojos, la carga de todo lo que viene / @Stella no alcanza a procesarlo / En el moisés, la bebé @Selka abre los ojos y empieza a llorar / @Stella, por puro instinto de hermana mayor, deja todo y va hacia la be / @Stella se inclina sobre el moisés",…solamente tú podrías usarlo. Nadie más.
20,ACTO 1,SEC 3 — Laboratorio de @Naio,63-66,4,5:19,5:37,18,"Una chispa de @Gix baja y baila en la palma de @Stella, como una luciérn / @Stella junta la frente a la de la bebé / @Selka se calma al instante, la manita agarrando el dedo de @Stella / Un suelo que vibra: pasos",
21,ACTO 1,SEC 3 — Laboratorio de @Naio,67-70,4,5:37,5:55,18,"@Naio y @Vera se cruzan una mirada / @Naio, rápido, firme, ya en marcha / @Naio agarra la cara de @Stella con las dos manos, cara a cara / @Naio, un beat, la voz firme sobre el miedo","Llegaron. Tomen a @Selka. Vayan por el Orbe. | Cuando lo tengas, ponlo en tu mano. Y pase lo que pase… nunca, nunca dejes que él lo tenga. ¿Me oyes? | Yo los retengo."
22,ACTO 1,SEC 3 — Laboratorio de @Naio,71-74,4,5:55,6:10,15,"@Stella, los ojos llenándose, negando / @Naio, sin dejarla terminar, todo el amor en tres frases / Un abrazo de los tres, demasiado corto / La puerta principal se abre","Papá, no— | Te quiero. Las tres. Ya."
23,ACTO 1,SEC 3 — Laboratorio de @Naio,75-78,4,6:10,6:29,19,"Entra @VORTHAN, el Rey / @Vorthan, casi con cariño, saboreando el momento / Los ojos de @Vorthan recorren la escena: el traje, el moisés vacío / @Vera y @Stella se deslizan hacia la salida trasera, despacio, sin corre",@Naio. Viejo amigo. | Sabías que este día llegaría.
24,ACTO 1,SEC 3 — Laboratorio de @Naio,79-84,6,6:29,6:47,18,"Los ojos del Rey lo ven todo / @Naio se interpone / El Rey mira a @Naio casi con pena / @Vorthan lo derriba de un solo golpe de luz, como quien aparta una rama / @Stella, grito ahogado, la mano estirada hacia su padre caído / @Vera la arranca de ahí de un tirón",No las dejen escapar. | ¡PAPÁ!
25,ACTO 1,SEC 4 — Pasillos del palacio,85-88,4,6:47,7:05,18,"@Vera y @Stella corren a toda velocidad por el pasillo / Detrás, lejos pero acercándose, el zumbido de los robots imperiales / @Vera habla entrecortado, sin dejar de correr / @Vera la mira un segundo mientras corren, la verdad más dura de su vida","Recuérdalo, @Stella: nada es más importante que ese Orbe. Nada. | Ni yo. Ni tu hermana. Sin él, el planeta entero muere. Todos. ¿Entiendes?"
26,ACTO 1,SEC 4 — Pasillos del palacio,89-93,5,7:05,7:23,18,"@Stella corriendo, los ojos llenos, tragándose todo / @Vera la mira de reojo / @Vera, firme entre jadeos / Una pared estalla en polvo y esquirlas / Polvo y escombros suspendidos un instante en el aire, atravesados por ","Entiendo. Tú solo cuida de @Selka. | Pase lo que pase, llega a la nave. La dejé afuera, en la salida que da al parque."
27,ACTO 1,SEC 4 — Pasillos del palacio,94-98,5,7:23,7:37,14,"@Vera pelea con un brazo cubriendo a la bebé, derribando un robot con u / @Stella se mueve con la agilidad de quien entrenó toda su vida para una / Un robot cae partido por la luz, chispas saltando, la carcasa humeando / Madre e hija se abren paso, espalda con espalda, avanzando entre el hu / Al fondo del corredor: las puertas inmensas de la SALA DEL ORBE, latie",
28,ACTO 1,SEC 5 — Muerte de @Vera,99-101,3,7:37,7:55,18,Una cámara inmensa / El Orbe late despacio / @Vera y @Stella entran por un lado,
29,ACTO 1,SEC 5 — Muerte de @Vera,102-106,5,7:55,8:12,17,"Se miran a través de la sala / @Vera, todo o nada / @Stella arranca hacia la esfera a toda velocidad / Los robots se cierran sobre @Vera, que pelea protegiendo a @Selka, sin p / Y entonces entra otro",¡Ve por el Orbe! ¡AHORA!
30,ACTO 1,SEC 5 — Muerte de @Vera,107-112,6,8:12,8:32,20,"@Vera lo ve / @Vera acomoda a la bebé en el hueco de un panel, lejos, a salvo, con ma / @Vera se planta frente a @S1G1 / Pelea de verdad / @S1G1 esquiva sin esfuerzo, frío, calculado / @S1G1 la neutraliza de un golpe seco",
31,ACTO 1,SEC 5 — Muerte de @Vera,113-117,5,8:32,8:50,18,"Aun cayendo, su último movimiento es cubrir a la bebé @Selka con el cue / @Vera en el suelo, girando la cabeza, gritando con la vida entera / @Stella a tres pasos del Orbe / Y no obedece / Se da media vuelta y corre hacia su madre con toda su fuerza","¡@STELLA, CORRE! ¡NO MIRES ATRÁS!"
32,ACTO 1,SEC 5 — Muerte de @Vera,118-123,6,8:50,9:10,20,"@Vera, con horror, gritando / Demasiado tarde / @Stella cuelga inmóvil, pataleando en el aire, sostenida solo por el pe / @Stella llora de rabia y de impotencia, retorciéndose / El Rey, sosteniéndola del pelo, ríe por lo bajo, suave, casi paternal / @Vorthan, un beat, la sentencia",¡NO! ¡NO TE ACERQUES! | Tan parecida a tu madre. Corriendo hacia lo que ama. | Por eso siempre pierden.
33,ACTO 1,SEC 5 — Muerte de @Vera,124-128,5,9:10,9:30,20,"En el suelo, @Vera junta lo último que le queda / Un escudo de luz se forma alrededor de @Stella, tejido por las manos de / Justo en ese instante, detrás de @Vera, @S1G1 le perfora el corazón con  / @Stella, un grito que se rompe en dos / @Vera la mira",¡MAMÁ!
34,ACTO 1,SEC 5 — Muerte de @Vera,129-133,5,9:30,9:50,20,"Los labios de @Vera se mueven una última vez, casi sin voz / @Stella, colgada del pelo, atrapada, ve morir a su madre a un metro de  / @Stella saca de su traje un cuchillo láser / Se lo lleva a la nuca / Cae libre al piso, rodando, el pelo corto ahora",Huye.
35,ACTO 1,SEC 5 — Muerte de @Vera,134-136,3,9:50,10:06,16,"La trenza cortada queda colgando de la mano de @Vorthan, un trofeo inút / El escudo de @Vera se apaga con ella / El pelo cortado de @Stella y la mano abierta de @Vera en el suelo, muy c",
36,ACTO 1,SEC 6 — Toma del Orbe / huida,137-143,7,10:06,10:24,18,"@Stella rueda, se levanta / Esquiva a un robot / Y toma el Orbe / En el segundo exacto del contacto, la llave de la palma se enciende / La muñequera del traje marca: MAX / Los propulsores del traje rugen / Antes de entrar, una fracción de segundo, @Stella mira hacia abajo",
37,ACTO 1,SEC 6 — Toma del Orbe / huida,144-149,6,10:24,10:42,18,"POV de @Stella: su madre tirada, quieta / @Stella aprieta los dientes, se traga el grito / @S1G1 dispara sus propulsores y la persigue dentro del túnel, ganando t / @S1G1 se atasca en el orificio del ducto / @S1G1 EXPLOTA / Escombros metálicos asentándose en el ducto humeante",
38,ACTO 1,SEC 6 — Toma del Orbe / huida,150-153,4,10:42,11:00,18,"ABAJO, en la sala: @Vera muerta en el piso / @VORTHAN se acerca, sin prisa, y levanta a @Selka en sus brazos / Dos robots se inclinan a recoger el cuerpo de @Vera / @Vorthan, frío, sin siquiera mirarla",¿Qué hacen? Ya está muerta.
39,ACTO 1,SEC 6 — Toma del Orbe / huida,154-156,3,11:00,11:16,16,"El Rey se da la vuelta con la bebé, dando la espalda al cuerpo / Los robots sueltan el cuerpo, que golpea el suelo, y salen / El Rey se va con la bebé en brazos, dejando a @Vera tirada en el suelo ",Salgan a buscar a @Stella. Necesitamos ese Orbe.
40,ACTO 1,SEC 7 — Cielo / naves aliadas,157-161,5,11:16,11:33,17,"@Stella sale disparada del palacio y cae sobre la nave que @Vera escondi / Manos temblando sobre los controles / Apenas despega, en el horizonte dorado, aparece una FLOTA IMPERIAL / Empieza la persecución / Hace chocar a dos perseguidores contra los edificios",
41,ACTO 1,SEC 7 — Cielo / naves aliadas,162-166,5,11:33,11:47,14,"@Stella pilotando, brillante y desesperada a la vez / Una nave imperial la encuadra en su punto de mira / La nave imperial estalla, reventada desde un costado por un disparo qu / Aparecen OTRAS NAVES / @Stella escucha la radio, sin entender",
42,ACTO 1,SEC 7 — Cielo / naves aliadas,167-170,4,11:47,12:05,18,"El altavoz de la radio crepita / Otra nave aliada se sacrifica al fondo, reventando contra un caza impe / @Stella, al borde del llanto, gritando a la radio / La radio, la voz firme sobre la estática",@Stella. Tu madre nos contó lo que pasaba. | Estamos aquí para protegerte. No dejes que nuestro sacrificio sea en vano. | ¿Quiénes son ustedes? ¡No los conozco! ¡No—! | No dejes que nadie consiga ese Orbe. Nadie.
43,ACTO 1,SEC 7 — Cielo / naves aliadas,171-174,4,12:05,12:22,17,"Naves aliadas abriéndole camino, una tras otra, hacia el negro del esp / @Stella escuchando, las lágrimas cayendo, sin poder responder / Una a una, las naves aliadas se interponen y revientan, flores de luz  / Tres naves aliadas caen sin estallar: forzadas, no destruidas",Ve lejos. Hazte fuerte. Y vuelve algún día a salvarnos. | Te vamos a estar esperando.
44,ACTO 1,SEC 7 — Cielo / naves aliadas,175-176,2,12:22,12:34,12,"@Stella lo ve todo en el retrovisor: a los que mueren, y a los tres que / Y sale",
45,ACTO 1,SEC 8 — Clímax silencioso / híper-salto,177-178,2,12:34,12:51,17,"El silencio del espacio / Erdia, dorada y enferma, se encoge lentamente detrás de la nave",
46,ACTO 1,SEC 8 — Clímax silencioso / híper-salto,179-181,3,12:51,13:06,15,Un panel de la cabina / Luego otra alarma / @Stella respira cada vez más despacio,
47,ACTO 1,SEC 8 — Clímax silencioso / híper-salto,182-183,2,13:06,13:22,16,"Su cara / Una lágrima se desprende de su mejilla y flota, suspendida, en la grav",
48,ACTO 1,SEC 8 — Clímax silencioso / híper-salto,184-187,4,13:22,13:42,20,"La lágrima flotante atrapa la luz de las estrellas, girando despacio / @Stella baja la mirada / La llave de luz en su palma / Los ojos de @Stella, vidriosos, mirando el Orbe",
49,ACTO 1,SEC 8 — Clímax silencioso / híper-salto,188-192,5,13:42,14:02,20,"En un acto de pura desesperación, sin saber lo que hace, @Stella pone l / La energía del Orbe empieza a fluir hacia la nave / Un panel se enciende / @Stella observa, la cara iluminada por los paneles que despiertan, sin  / La carga sube",
50,ACTO 1,SEC 8 — Clímax silencioso / híper-salto,193-197,5,14:02,14:20,18,"Todo el sistema empieza a temblar, a sobrecargarse, a colapsar / @Stella se aferra al asiento, los ojos muy abiertos, el rugido creciend / La nave da un HÍPER SALTO / Un estallido de luz blanca se traga la pantalla / Blanco total",
51,ACTO 1,SEC 9 — Balcón real / discurso,198-200,3,14:20,14:37,17,"Bajo un cielo todavía azul, una plaza inmensa repleta de gente / @Vorthan habla con voz de luto, perfecta, medida / @Vorthan deja caer la palabra, saboreando el silencio de la plaza","Hoy nos han robado. | El Orbe —el corazón de Erdia, la fuente de todo lo que somos— ha sido arrancado de nuestro mundo."
52,ACTO 1,SEC 9 — Balcón real / discurso,201-203,3,14:37,14:52,15,"Murmullo de horror recorriendo la plaza / @Vorthan, la condena creciendo / Detrás de él, exhibidos en jaulas, los TRES PILOTOS que salvaron a Ste","Sin él, la luz se irá. El agua se irá. Y nuestro planeta… empezará a morir."
53,ACTO 1,SEC 9 — Balcón real / discurso,204-206,3,14:52,15:08,16,"Uno de los pilotos alza apenas la mirada hacia el cielo, hacia donde s / @Vorthan, girando el cuchillo / @Vorthan, un beat, envenenando el recuerdo",¿Y quién nos ha condenado a esto? Una de los nuestros. | Una niña a la que le dimos todo. Que prefirió quedarse con la luz de todos antes que dejarla correr.
54,ACTO 1,SEC 9 — Balcón real / discurso,207-209,3,15:08,15:24,16,"@Vorthan, la palabra final como una sentencia / La multitud, que esa mañana la habría amado, empieza a gritar su nombr / @Vorthan sostiene a la bebé @Selka en brazos, frente a todos",@Stella. Ladrona. Traidora.
55,ACTO 1,SEC 9 — Balcón real / discurso,210-212,3,15:24,15:42,18,"Muy despacio, casi sin que se note, el Rey le acaricia la cabeza a la  / La manita de @Selka se cierra sobre el dedo de @Vorthan, confiada / CORTE A NEGRO",
56,ACTO 2,SEC 10 — Bahía de @Theron,1-2,2,15:42,15:56,14,"La bahía de carga inmensa y oscura en penumbra; brazos mecánicos cuelg / Una gota metálica se forma en un conducto, cuelga, cae",
57,ACTO 2,SEC 10 — Bahía de @Theron,3-5,3,15:56,16:10,14,"La nave de @Vera, destrozada, enganchada por garras mecánicas como un a / El rostro de @Stella en el suelo, ojos cerrados / @Stella despierta de golpe, se incorpora sobre un codo, desorientada, r",
58,ACTO 2,SEC 10 — Bahía de @Theron,6-8,3,16:10,16:25,15,"Antes que nada, se mira la palma de la mano: la llave de luz sigue gra / Los ojos de @Stella se cierran de alivio / Una sombra colosal se desplaza en la penumbra al fondo",
59,ACTO 2,SEC 10 — Bahía de @Theron,9-12,4,16:25,16:43,18,"@Stella se pone en guardia, retrocediendo, la espalda contra su nave ro / @Stella, voz rota, tragando el miedo / @THERON emerge de la sombra: alto, de otra especie, ojos que no parpade / @Theron, inmóvil, sin acercarse aún",¿Dónde estoy? ¿Quién eres? | ¿Me… me salvaste? | No te salvé. Te recogí.
60,ACTO 2,SEC 10 — Bahía de @Theron,13-16,4,16:43,17:01,18,"Los ojos sin parpadeo de @Theron / @Theron avanza despacio hacia @Stella, la vista fija en la mano de ella / POV de @Theron sobre la palma de @Stella: el brillo del Orbe pulsa bajo  / @Theron estudia el brillo, casi hambriento","Hay una diferencia. | Eso que llevas dentro brilla. Como nada que haya visto en mucho, mucho tiempo."
61,ACTO 2,SEC 10 — Bahía de @Theron,17-19,3,17:01,17:17,16,"@Theron levanta los ojos hasta los de ella / @Stella cierra el puño, escondiendo la mano contra el pecho / El puño cerrado de @Stella, un hilo de luz escapando entre los dedos",Y lo que brilla así… se puede seguir.
62,ACTO 2,SEC 11 — Pasillos y taller,20-23,4,17:17,17:33,16,"Pasillos industriales de la nave nodriza / Un tripulante empuja a @Stella al pasar; otro la ignora deliberadamente / Un plato de comida cae al piso metálico, la comida se derrama y rueda / @Stella mira la comida en el suelo, sin recogerla",
63,ACTO 2,SEC 11 — Pasillos y taller,24-28,5,17:33,17:48,15,"@VOSK, enorme, cicatrices, bloquea el paso / El dedo grueso de @Vosk empuja el hombro de @Stella / @Stella sostiene la mirada un instante, decidiendo / La mano de @Stella aparta de un golpe seco la de @Vosk / @Vosk sonríe: era lo que quería",La mascota del jefe. El cebo que respira. | ¿Sabes qué le pasa al cebo cuando el pez ya picó?
64,ACTO 2,SEC 11 — Pasillos y taller,29-33,5,17:48,18:03,15,"Chocan / El puño de @Vosk impacta la pared junto a la cabeza de @Stella; salta me / @Vosk la estampa contra la pared, antebrazo en su cuello / Una mano de piedra del tamaño de un yunque cae sobre el hombro de @Vosk / @BROG, gigante de roca, aparta a @Vosk sin esfuerzo",
65,ACTO 2,SEC 11 — Pasillos y taller,34-37,4,18:03,18:20,17,"@Vosk escupe al piso y se retira, humillado / El taller: banco lleno de piezas, chispas de soldadura flotando en el  / @NIMA, mecánica de cuatro brazos, las cuatro manos ocupadas, sin levant / @Nima al fin levanta la mirada hacia @Stella","No le hagas caso a @Vosk. Ladra para no pensar. | Hay dos formas de romperse, niña. La que llora… y la que arregla cosas a las tres de la mañana."
66,ACTO 2,SEC 11 — Pasillos y taller,38-40,3,18:20,18:37,17,"Las cuatro manos vuelven al trabajo, ajustando, soldando / @Stella se deja caer al piso, agotada, sosteniéndose la mano herida / @Brog se sienta a su lado, montaña junto a niña",Adivina cuál soy yo.
67,ACTO 2,SEC 11 — Pasillos y taller,41-43,3,18:37,18:52,15,"La mano herida de @Stella, temblando levemente, junto a la mano de pied / @Theron entra al taller / @Stella se yergue, urgente","Quiero volver a mi planeta. Mi familia está allá. Mi padre, mi hermana—"
68,ACTO 2,SEC 11 — Pasillos y taller,44-46,3,18:52,19:08,16,"@Theron, sin inmutarse / @Theron la mira, midiendo cómo dar la noticia / La cara de @Stella entendiendo lentamente el tamaño de eso","Tu planeta ya no es tu problema más urgente. | Aquí, el tiempo no corre igual que en tu mundo. Un año tuyo… son cuatro allá."
69,ACTO 2,SEC 11 — Pasillos y taller,47-49,3,19:08,19:24,16,"@Stella, un hilo de voz / @Theron ya de espaldas, saliendo / La palma de @Stella abierta: el Orbe late","…Cuatro. | Cada día que pierdas aquí, pierdes cuatro allá. Así que no los pierdas."
70,ACTO 2,SEC 12 — Refugio · Año 8,50-52,3,19:24,19:44,20,"RÓTULO sobre negro: ERDIA · AÑO 8 / Erdia ya no dorada: niebla, andamios, ríos de luzagua finos y opacos / El humo sube contra un cielo apagado",
71,ACTO 2,SEC 12 — Refugio · Año 8,53-55,3,19:44,20:01,17,"Un hilo de luzagua opaca corre entre escombros, casi sin brillo, murié / Interior del refugio: naieli demacrados reunidos alrededor de una luz / @MAREK, voz cálida y firme, dirigiéndose a los suyos",El Rey dice que estamos así por culpa de @Stella. Por una ladrona.
72,ACTO 2,SEC 12 — Refugio · Año 8,56-58,3,20:01,20:16,15,"@Marek recorre las caras de su gente / @Marek, la pregunta que desplaza el odio / Los rostros del refugio asienten, murmullo bajo",Pero yo les pregunto: ¿una niña de catorce años vació un planeta entero? | ¿O alguien necesitaba que odiáramos a alguien para no mirarlo a él?
73,ACTO 2,SEC 12 — Refugio · Año 8,59-61,3,20:16,20:35,19,"A un lado, quieta, una FIGURA ENCAPUCHADA / Un mechón de pelo blanco escapa de la capucha y cuelga en la penumbra / La figura baja la cabeza, sombra sobre el rostro",
74,ACTO 2,SEC 13 — Planeta chatarra · Año 2,62-64,3,20:35,20:52,17,Rótulo tenue: @STELLA · ~AÑO 2 / Planeta-chatarra: montañas de metal muerto bajo un cielo enfermo / Polvo metálico flota en un rayo de luz oblicua,
75,ACTO 2,SEC 13 — Planeta chatarra · Año 2,65-69,5,20:52,21:12,20,"@Stella, ya mayor y más dura, avanza entre escombros con el grupo / Algo sale mal: cazarrecompensas locales emboscan / @Stella se lanza a una grieta entre chapas, fuera de la vista enemiga / @Stella pegada al metal, agachada, a salvo / A lo lejos, @VOSK la mira desde su escondite",
76,ACTO 2,SEC 13 — Planeta chatarra · Año 2,70-76,7,21:12,21:31,19,"El rostro de @Vosk, decidiendo algo feo / La mano de @Vosk levanta una piedra del suelo / La piedra golpea el metal justo al lado de @Stella: un CLANG seco que l / @Vosk grita a los cazadores, señalando la grieta / Los ojos de @Stella se abren: traición / Los cazadores caen sobre la grieta / Un collar de contención se cierra en el cuello de @Stella; el traje se ",¡AHÍ! ¡La de la mano que brilla! ¡Esa vale una fortuna!
77,ACTO 2,SEC 13 — Planeta chatarra · Año 2,77-80,4,21:31,21:46,15,"POV de @Stella arrastrada: lo último que ve es a @Vosk, sonriendo, conta / Una red cae sobre @Vosk desde el flanco: los cazadores no hacen distinc / @Vosk forcejea en la red, gritando / Se los llevan a los dos hacia la nave esclavista","¡No, no, esperen, yo se las entregué! ¡YO—!"
78,ACTO 2,SEC 14 — La Fosa,81-83,3,21:46,22:02,16,"Estación-mercado en el confín de la galaxia: subastas, luces sucias, g / El pozo de combate rodeado de gradas rugientes / Un presentador anuncia a la 'ladrona del Orbe, la criminal más buscada",
79,ACTO 2,SEC 14 — La Fosa,84-87,4,22:02,22:18,16,"@Stella en el centro del pozo, collar aún puesto, girando, buscando una / El collar de contención en su cuello, luz roja parpadeando / Una reja se abre en el lado opuesto / @NOAH: humano joven, magullado, una vieja espada y un arma de luz",
80,ACTO 2,SEC 14 — La Fosa,88-91,4,22:18,22:35,17,"@Stella se queda helada: ese chico se parece a ella / La multitud exige sangre, puños en alto, un rugido animal alrededor de / @Noah levanta la espada, en guardia / @Stella, firme, contra el rugido",No voy a matarte para que ellos aplaudan.
81,ACTO 2,SEC 14 — La Fosa,92-95,4,22:35,22:52,17,"@Noah la mide, sin bajar el arma, desconfiado / @Stella sostiene su mirada, tranquila / @Noah, decidiendo / @Noah baja apenas el arma; algo cede en él",…¿Es una trampa? | Es una oferta. | Entonces vas a tener que ayudarme a salir de aquí.
82,ACTO 2,SEC 14 — La Fosa,96-99,4,22:52,23:01,9,"Los dos se giran a la vez hacia los guardias, dando la espalda al públ / @Stella arranca el collar de un tirón / El Orbe se reenciende en su palma con un fogonazo blanco / La fosa se convierte en fuga: los dos cargan contra los guardias",
83,ACTO 2,SEC 15 — La Fosa · Fuga,100-105,6,23:01,23:18,17,"@Stella y @Noah pelean espalda con espalda, moviéndose como un solo cuer / La hoja de luz de @Noah desvía un golpe; la palma de @Stella empuja a un / La pared exterior estalla: @BROG entra a puñetazos, @NIMA detrás / @Brog arranca una reja entera y la usa de escudo / Sobre la fosa, una plataforma de ejecución: van a ajusticiar a un pris / Es @VOSK",
84,ACTO 2,SEC 15 — La Fosa · Fuga,106-111,6,23:18,23:34,16,"@Stella lo ve / @Noah le grita, tironeando / @Stella mira a @Vosk, luego a la salida / @Stella corre hacia la plataforma, contra la corriente de la fuga / Su palma revienta la base de la plataforma; desvía el arma en el insta / @Stella carga a @Vosk, tirando de él fuera del filo de luz","¡@Stella, vámonos!"
85,ACTO 2,SEC 15 — La Fosa · Fuga,112-115,4,23:34,23:51,17,"@Vosk, aturdido, el cuello aún marcado, sin entender / @Stella lo mira, sin rencor / Lo suelta de un empujón hacia la salida / El matón la mira distinto",…Yo te entregué. Te vendí. ¿Por qué—? | Porque yo no soy tú.
86,ACTO 2,SEC 15 — La Fosa · Fuga,116-118,3,23:51,24:08,17,"Todos escapan juntos —@Stella, @Noah, @Brog, @Nima, @Vosk— mientras la esta / Más tarde, en la nave / @THERON observa a @Stella desde lejos",
87,ACTO 2,SEC 15 — La Fosa · Fuga,119-120,2,24:08,24:20,12,"@Noah, vendándose una herida, no le quita los ojos a @Stella / @Stella mira por la ventanilla hacia donde queda Erdia",
88,ACTO 2,SEC 16 — Montaje años · Año 3,121-123,3,24:20,24:38,18,Rótulo tenue: @STELLA · ~AÑO 3 / PLANETA DE LOS COMETAS: el cielo entero cruzado de estelas lentas de l / Un cometa lejano deja su rastro y se apaga tras el horizonte,
89,ACTO 2,SEC 16 — Montaje años · Año 3,124-126,3,24:38,24:53,15,"@Brog y @Stella sentados de espaldas a nosotros, frente al cielo de come / @Brog pronuncia una palabra gutural de su idioma muerto / @Stella repite la palabra, torpe primero, luego más limpia",(idioma de @Brog) …krun-tha. | …krun-tha.
90,ACTO 2,SEC 16 — Montaje años · Año 3,127-130,4,24:53,25:13,20,"@Brog asiente despacio / La mano de piedra de @Brog y la mano de @Stella dibujando la misma seña  / Match cut: del cielo de cometas a las chispas de soldadura del taller  / El taller: un traje nuevo colgado, ligero, hecho a medida",
91,ACTO 2,SEC 16 — Montaje años · Año 3,131-134,4,25:13,25:32,19,"Inserto: un monitor de muñeca nuevo, idéntico al que marcó 'MAX' aquel / @Nima ajusta una placa sobre el hombro de @Stella, sin dejar de mirar su / @Nima la mira a los ojos / @Stella deja aterrizar la palabra 'palacio'",Tu traje viejo era de niña. | Este es de quien va a volver a entrar a ese palacio.
92,ACTO 2,SEC 16 — Montaje años · Año 3,135-139,5,25:32,25:52,20,"Match cut: de la muñeca 'MAX' a la palma de @Stella cargando el Orbe en / Entrenamiento del Orbe, inestable: una descarga la tira al piso, revie / Chispas cayendo, el panel reventado humeando / @Stella en el suelo, respirando fuerte, la palma quemada / Otro intento",
93,ACTO 2,SEC 16 — Montaje años · Año 3,140-142,3,25:52,26:12,20,"La luzagua fluye de su mano en un hilo estable y limpio / @Stella de pie en la luz de su propia palma / Pillow de cierre: el cielo de cometas otra vez, más estelas que antes",
94,ACTO 2,SEC 17 — Puente · noche,143-146,4,26:12,26:32,20,"El puente de la nave nodriza, de noche / @Theron pide algo con un gesto de la mano / @Stella duda un instante, leyéndolo / Abre la palma",Muéstrame la mano. Y el Orbe.
95,ACTO 2,SEC 17 — Puente · noche,147-150,4,26:32,26:52,20,"La mano de @Theron se acerca a la de ella como quien va a arrancar algo / @Stella contiene el aliento, sin retirar la mano / La mano de @Theron se detiene / @Theron retira la mano, hablando casi para sí",No. Sacarlo a la fuerza te mataría a ti… y quizá a quien lo intente.
96,ACTO 2,SEC 17 — Puente · noche,151-154,4,26:52,27:11,19,"@Theron la mira / @Stella guarda la mano, seca / @Stella, bajando la voz, cambiando de tema hacia lo que le quema / @Stella, un beat, la carnada de la sospecha","Sigues siendo más útil respirando. | Qué consuelo. | @Theron. En mi mundo dicen cosas del Rey. Que es inmortal. Que nunca envejeció. | Que llegó hace cientos de años, de ninguna parte."
97,ACTO 2,SEC 17 — Puente · noche,155-157,3,27:11,27:31,20,"@Theron se queda muy quieto / @Theron cierra el tema, controlado / @Stella sale",Los reyes siempre dicen que son eternos. Duerme.
98,ACTO 2,SEC 17 — Puente · noche,158,1,27:31,27:38,7,"El ventanal: el vacío estrellado, inmóvil, infinito",
99,ACTO 2,SEC 18 — Camarote · noche,159-162,4,27:38,27:57,19,"Camarote de @Stella, penumbra / @Theron entra y deja un proyector de imagen sobre la mesa / @Theron, desde la puerta / El proyector se enciende",No me interesa tu planeta. Pero un buen cazador siempre mira antes de descartar. | Mira tú también.
100,ACTO 2,SEC 18 — Camarote · noche,163-166,4,27:57,28:17,20,"En la imagen: @NAIO, viejo, encadenado, esclavo en una mina de niebla / En la imagen: @SELKA, joven soldado, entrenando con frialdad quirúrgica / En la imagen: una figura encapuchada liderando la resistencia junto a  / La capucha cae un segundo",
101,ACTO 2,SEC 18 — Camarote · noche,167-169,3,28:17,28:36,19,"@Stella se lleva la mano a la boca / @Stella, un susurro destrozado, apenas aire / @Theron la observa desde la puerta",…Está viva. Mamá está viva.
102,ACTO 2,SEC 18 — Camarote · noche,170-171,2,28:36,28:51,15,"@Theron se va / El rostro de @Stella iluminado por la imagen de @Vera, mirando el infini",
103,ACTO 2,SEC 19 — Minas de niebla · Año 14,172-174,3,28:51,29:09,18,RÓTULO: ERDIA · AÑO 14 / Minas de niebla: siluetas de esclavos encorvados entre vapores grises / La niebla se enrosca sobre el barro,
104,ACTO 2,SEC 19 — Minas de niebla · Año 14,175-177,3,29:09,29:23,14,"La figura encapuchada —@VERA— se desliza entre los esclavos, buscando e / Encuentra una cara / @Vera se baja la capucha lo justo para que él la vea",
105,ACTO 2,SEC 19 — Minas de niebla · Año 14,178-180,3,29:23,29:40,17,"@Naio la reconoce y no puede creerlo, sin aire / @Vera, urgente, la voz baja / A @Vera se le quiebra la voz","…¿@Vera? No. No, tú moriste. Yo te vi— | Está viva, @Naio. @Selka está viva. | Pero ya no es… ya no es ella. Le metieron otra cosa adentro."
106,ACTO 2,SEC 19 — Minas de niebla · Año 14,181-183,3,29:40,29:57,17,"@Naio, aterrado por ella, la sujeta con la mirada / @Vera le toma la cara con las dos manos, decidida / Lo abraza fuerte, un instante robado","No vayas. Si está con él, es una trampa. Te lo ruego. | Vuelvo por ti. Te lo juro. Pero primero voy por mi hija."
107,ACTO 2,SEC 19 — Minas de niebla · Año 14,184-185,2,29:57,30:11,14,"@Vera se aleja hacia el palacio / La mano temblorosa de @Naio abierta en el vapor, tragada por la niebla",
108,ACTO 2,SEC 20 — Muerte de @Vera · Año 14,186-188,3,30:11,30:26,15,"RÓTULO: ERDIA · AÑO 14 — APOSENTOS DE LA GENERAL / Aposentos fríos, palaciegos, en penumbra azulada / En la puerta: @KORIN y @LESSA cubriendo afuera",
109,ACTO 2,SEC 20 — Muerte de @Vera · Año 14,189-192,4,30:26,30:45,19,"@Marek, grave, le aprieta el hombro / @Marek, un beat cargado / @Vera asiente / La puerta se cierra despacio tras ella","Yo vigilo aquí. Si algo sale mal, corre. No mires atrás. | Tráela de vuelta."
110,ACTO 2,SEC 20 — Muerte de @Vera · Año 14,193-195,3,30:45,31:02,17,"Adentro, de espaldas, @SELKA la General / @Selka, sin voltearse, fría / @Vera se baja la capucha",Sé lo que eres. Una rata de la resistencia. ¿Vienes a matarme mientras duermo? | Vengo por ti.
111,ACTO 2,SEC 20 — Muerte de @Vera · Año 14,196-200,5,31:02,31:22,20,"@Selka empieza a girarse hacia la voz / @Selka ve la cara de @Vera / El adiestramiento aplasta ese temblor / @Selka se lanza al ataque / @Vera esquiva, bloquea, retrocede",Traidora.
112,ACTO 2,SEC 20 — Muerte de @Vera · Año 14,201-204,4,31:22,31:40,18,"La hoja de @Selka pasa a un pelo de la cara de @Vera; @Vera solo desvía e / @Vera, entre golpes, suplicando con la voz / @Selka ante una enemiga que se niega a herirla / El arma de @Selka baja lentamente",No voy a lastimarte. No puedo. Mírame. Mírame.
113,ACTO 2,SEC 20 — Muerte de @Vera · Año 14,205-207,3,31:40,31:59,19,"@Vera avanza y la envuelve en un abrazo / @Vera al oído de @Selka, llorando / @Selka, en el abrazo, cierra los ojos","Vámonos a casa. Tú, yo y tu padre. Empecemos de nuevo. Olvidemos todo esto."
114,ACTO 2,SEC 20 — Muerte de @Vera · Año 14,208-211,4,31:59,32:15,16,"Bajo el abrazo, la mano de @Selka desliza un arma oculta hacia el costa / El arma se clava en el costado de @Vera / @Vera ahoga un grito / La mano de @Vera sube temblando hasta la cara de @Selka —esa cara— buscá",
115,ACTO 2,SEC 20 — Muerte de @Vera · Año 14,212-214,3,32:15,32:34,19,"@Vera, un hilo de voz, rota, traicionada / @Selka no responde / @Selka sostiene a @Vera contra sí; el abrazo se vuelve otra cosa",…@Selka. ¿Por qué.
116,ACTO 2,SEC 20 — Muerte de @Vera · Año 14,215-218,4,32:34,32:53,19,"Desde la puerta entreabierta, @KORIN y @LESSA lo ven todo: la General ab / @Marek llega un segundo tarde, la cara desencajada de horror / @Korin, susurro, retrocediendo / @Vera resbala al piso, muy despacio, sostenida un instante por @Selka y ",…La mató. Su propia hija la mató.
117,ACTO 2,SEC 20 — Muerte de @Vera · Año 14,219-221,3,32:53,33:13,20,"En el suelo, @Vera mira la cara de @Selka hasta el último segundo / La mano de @Vera cae abierta contra el piso frío / @Selka de pie sobre el cuerpo de su madre, el arma goteando luz, todo e",
118,ACTO 2,SEC 20 — Muerte de @Vera · Año 14,222-223,2,33:13,33:30,17,"@Selka, sin querer, sin entender, empieza a tararear una nana que no re / Vista cenital: la General diminuta de pie sobre el cuerpo de su madre ","(tarareando, quebrado) mmm… mm-mmm…"
119,ACTO 2,SEC 20 — Muerte de @Vera · Año 14,224,1,33:30,33:37,7,La única vela de luz de la sala tiembla y casi se apaga,
120,ACTO 3,SEC 21 — Puerto en ruinas,1-3,3,33:37,33:57,20,"Amanecer gris sobre la ciudad dorada rota, partida en dos por la niebl / Un mural del Rey descascarado; debajo, pintado con bronca, un solo nom / Un hilo de luzagua opaca corre entre la chatarra, casi seco, sin brill",
121,ACTO 3,SEC 21 — Puerto en ruinas,4-6,3,33:57,34:14,17,"Una nave pequeña desciende entre la chatarra y se posa; el polvo se le / Se abre la escotilla; bajan @Brog, @Nima, @Noah y una mujer joven encapuc / El rostro de @Stella bajo la capucha, recorriendo con los ojos su propi",
122,ACTO 3,SEC 21 — Puerto en ruinas,7-10,4,34:14,34:31,17,"@Stella pasa entre la gente; rostros hundidos la miran con el odio que  / Un viejo escupe al suelo al oír el nombre de @Stella en otra conversaci / @Noah camina pegado a ella, baja la voz, la mira de reojo / @Stella sostiene la mirada en las ruinas, sin responder aún; el peso de",Todo un planeta te odia. ¿Y aun así volviste.
123,ACTO 3,SEC 21 — Puerto en ruinas,11-14,4,34:31,34:49,18,"@Stella, los ojos en la ciudad rota, responde bajo / Un grupo de la resistencia los rodea de golpe, armas de luz en alto; a / @Korin apunta a @Stella; ella se baja la capucha despacio, revelando el  / @Korin escruta su cara, sin reconocerla; el dedo sobre el gatillo de en",Por eso volví.
124,ACTO 3,SEC 21 — Puerto en ruinas,15-18,4,34:49,35:07,18,"Los ojos ámbar de @Stella bajo el pelo oscuro; el rasgo que la delata / Algo se rompe en la cara de @Korin: la reconoce; la voz le tiembla / @Korin baja el arma, temblando; los demás dudan / @Stella sostiene la mirada de @Korin en silencio, tragando veinte años",…¿@Stella? Yo te conocí de pequeña —siempre al lado de tu madre. | Eres tú. Volviste.
125,ACTO 3,SEC 21 — Puerto en ruinas,19-22,4,35:07,35:27,20,"Erdia vista desde la órbita, dorada y enferma, girando lenta en el neg / En la nave nodriza, @Vosk mira la pantalla donde Erdia hierve; aprieta  / @Vosk se gira hacia @Theron, decidido / @Theron, inmóvil, sin apartar los ojos de la pantalla",Déjame bajar. Está sola ahí abajo. | No es nuestra guerra.
126,ACTO 3,SEC 21 — Puerto en ruinas,23-25,3,35:27,35:41,14,"@Vosk sostiene el silencio, la mandíbula tensa, antes de responder / @Vosk, la voz baja y firme / @Theron lo mira largamente; no dice que sí, tampoco lo impide",Se volvió mía el día que me sacó de esa fosa.
127,ACTO 3,SEC 22 — Refugio / @Naio,26-28,3,35:41,35:57,16,"Interior del refugio en penumbra; goteo, tela colgada, luz fría filtrá / @Korin guía a @Stella hacia un anciano esclavo recién liberado, encorvad / El rostro del anciano, ciego de un ojo, irreconocible: @Naio",
128,ACTO 3,SEC 22 — Refugio / @Naio,29-32,4,35:57,36:16,19,"@Stella se queda sin aire; reconoce a su padre bajo la ruina de su cara / @Stella se arrodilla despacio frente a él / @Stella, la voz apenas audible / @Naio levanta la cabeza, buscando una cara que no encuentra; los ojos v",Papá.
129,ACTO 3,SEC 22 — Refugio / @Naio,33-35,3,36:16,36:33,17,"Las manos de @Naio encuentran la mano de @Stella y palpan bajo la piel l / El ojo bueno de @Naio se llena de lágrimas al sentir el latido / @Naio, la voz quebrada de asombro","Volviste. Veinte años. Te dije que no dejaras que él lo tuviera, y… mírate. Lo cuidaste. Toda tu vida."
130,ACTO 3,SEC 22 — Refugio / @Naio,36-38,3,36:33,36:49,16,"La mano temblorosa de @Naio toca el pelo teñido de oscuro de su hija / @Stella deja aterrizar esas palabras, conteniendo el llanto, sin cortar / @Stella, firme pese a las lágrimas","Mi niña del río. | Mamá está viva, papá. La vi. Voy a sacarlos a los dos de aquí. A @Selka también. Te lo prometo."
131,ACTO 3,SEC 22 — Refugio / @Naio,39-41,3,36:49,37:06,17,"@Naio la escucha; el peso de lo que la resistencia cree sobre @Vera cruz / La mano de @Naio aprieta la de @Stella; la deja ir con su esperanza inta / Padre e hija, dos siluetas pequeñas en la penumbra del refugio; el got",
132,ACTO 3,SEC 23 — El asalto,42-45,4,37:06,37:19,13,"El palacio-cúpula se alza sobre la ciudad de niebla; abajo, la resiste / Estalla la guerra en las calles: luz contra luz, sin fuego; cuerpos y  / @Brog abre una brecha en un muro a puñetazos; los bloques saltan / Los cuatro brazos de @Nima destripan un robot imperial; chispas frías",
133,ACTO 3,SEC 23 — El asalto,46-50,5,37:19,37:33,14,"@Noah desvía una descarga de luz y cubre el flanco de @Stella / Un comando de la resistencia arranca a un grupo de esclavos de una jau / @Stella mira hacia la cúpula más alta; decide romper su misión de recon / @Stella escala el palacio sola entre destellos de luz, subiendo hacia l / Sus dedos aferran un saliente de metal frío; la ciudad diminuta muy ab",
134,ACTO 3,SEC 23 — El asalto,51-54,4,37:33,37:47,14,"@Stella llega al techo de cristal de la cúpula; abajo, en el centro, un / @Stella mira hacia abajo a través del cristal; respira; carga el Orbe e / El puño de @Stella baja sobre el cristal; la luz del Orbe estalla en la / El cristal se hace añicos; @Stella cae hacia el trono entre una lluvia ",
135,ACTO 3,SEC 24 — Duelo de hermanas,55-58,4,37:47,38:04,17,"@Stella aterriza entre vidrios rotos, rueda y se incorpora / Las esquirlas de cristal se asientan en el suelo pulido; el eco murien / Frente a ella, @Selka —la General, 21, blanca, cicatriz sobre el ojo iz / Las dos hermanas frente a frente por primera vez en veinte años; ningu",
136,ACTO 3,SEC 24 — Duelo de hermanas,59-64,6,38:04,38:24,20,"@Selka, glacial / @Selka desenfunda una hoja de luz; el filo se enciende con un siseo / @Stella abre las manos, sin atacar / @Selka, sin creerle nada / @Selka se lanza; la hoja de luz traza un arco contra @Stella / @Stella bloquea, desvía, esquiva con destreza de otro universo; más ráp",La ladrona. Volviste a la escena del crimen. | Qué considerada. | No vine a pelear contigo. | Todos dicen eso antes de morir.
137,ACTO 3,SEC 24 — Duelo de hermanas,65-70,6,38:24,38:44,20,"@Stella la desarma de un giro; la hoja de @Selka vuela y repica en el su / @Stella tiene el remate y no lo da; no quiere vencerla, quiere alcanzar / @Stella retrocede esquivando, buscando sus ojos / @Selka, sin un parpadeo, recupera su hoja / Eso le duele a @Stella más que cualquier golpe; la frase aterriza en su / @Selka aprovecha la guardia baja, la barre y la tira al piso, la hoja e",¿Por qué mataste a nuestra madre? | He ejecutado a cientos. No recuerdo a ninguna que se llamara «madre».
138,ACTO 3,SEC 24 — Duelo de hermanas,71-75,5,38:44,39:02,18,"POV de @Stella en el suelo: la hoja de luz suspendida sobre su cara, ce / La palma de @Stella se ahueca por reflejo; una chispa de @Gix baja y bai / @Stella levanta la mano con la chispa hacia la frente de @Selka: el gest / @Selka se congela; la hoja tiembla en el aire; su cuerpo reconoce el ge / Bajo la General asoma, un instante, una niña perdida",…¿Por qué… por qué conozco eso?
139,ACTO 3,SEC 24 — Duelo de hermanas,76-80,5,39:02,39:19,17,"Las dos quietas, a un latido de despertar; la chispa flotando entre su / Ese latido aterra a @Selka; no tiene dónde poner lo que siente / @Selka agarra la mano de @Stella con furia; ataca lo que la confunde / La palma de @Stella: el Orbe sale con un fogonazo cegador, arrancado de / @Stella se desploma; los ojos en blanco; cae en coma",
140,ACTO 3,SEC 24 — Duelo de hermanas,81-84,4,39:19,39:38,19,"Una chispa sale del brazalete y se hunde en el pecho de @Stella: @Gix, a / @Selka de pie, el Orbe en la mano, respirando agitada, sin saber qué ac / @Selka a los guardias, la voz no del todo firme / El cuerpo inmóvil de @Stella en el suelo; la respiración apenas moviénd",Cuéntenlo. La traidora cayó.
141,ACTO 3,SEC 25 — La nave despierta,85-88,4,39:38,39:57,19,"@Selka camina hacia la consola del trono, el Orbe en la mano; por fin v / @Selka coloca el Orbe en su hueco en la consola; encaja con un latido / @Selka espera que la luz vuelva; sostiene el aliento / La luz no vuelve; la sala del trono permanece muerta, fría",
142,ACTO 3,SEC 25 — La nave despierta,89-92,4,39:57,40:13,16,"Todo tiembla; las paredes del palacio empiezan a plegarse como placas / El piso se vuelve cubierta; el trono se abre como un puente de mando;  / Lo que todos creímos palacio —lo que el pueblo creyó un meteorito— se  / @Selka retrocede, por primera vez en su vida con miedo",
143,ACTO 3,SEC 25 — La nave despierta,93-95,3,40:13,40:28,15,"@Selka, hacia la sombra del trono, la voz temblando / Desde el trono en sombra, una risa hecha de mil voces a la vez / La sombra del Rey; la voz múltiple","Majestad… el Orbe debería traer la luz. ¿Qué es esto? ¿Qué está pasando? | La luz nunca fue para ellos, pequeña. Y nunca fue tuya."
144,ACTO 3,SEC 26 — 'Fui yo',96-98,3,40:28,40:43,15,"@Vorthan se levanta del trono en la penumbra; su silueta empieza a defo / La carne del Rey se pliega y se recompone; toma la forma de @Vera / Con el rostro de la madre, la cosa camina despacio hacia @Stella agoniz",
145,ACTO 3,SEC 26 — 'Fui yo',99-101,3,40:43,41:00,17,"«@Vera» se arrodilla junto a @Stella; le acaricia el pelo teñido, dulce  / @Stella entreabre los ojos por última vez; no ve al monstruo / POV de @Stella, borroso: el rostro de su madre inclinado sobre ella, ba",
146,ACTO 3,SEC 26 — 'Fui yo',102-104,3,41:00,41:18,18,"@Stella, un hilo de voz, una sonrisa que rompe el corazón / «@Vera» con la voz exacta de la madre; ternura envenenada / Los ojos de @Stella se cierran despacio; se va en paz, creyendo que su ","Mamá… viniste. | Aquí estoy, mi amor. Descansa."
147,ACTO 3,SEC 26 — 'Fui yo',105-107,3,41:18,41:35,17,"La mano de @Stella se afloja del todo sobre el suelo frío; queda quieta / La cosa se incorpora sobre el cuerpo; el rostro de @Vera se disuelve y  / @Selka mira, sin entender, cómo el héroe del pueblo sale de su Rey",
148,ACTO 3,SEC 26 — 'Fui yo',108-111,4,41:35,41:55,20,"«@Marek» sonríe con la cara del líder bueno / «@Marek», la revelación cayendo como una losa / @Selka encaja el golpe en silencio; el suelo moral desapareciendo bajo  / La forma se encoge, se hace pequeña; muda por última vez",¿No te preguntaste nunca cómo el Rey sabía siempre dónde golpear a la resistencia? | No había resistencia. Solo yo. Llevándolos a todos de la mano hacia el matadero.
149,ACTO 3,SEC 26 — 'Fui yo',112-114,3,41:55,42:11,16,"La cosa es ahora una niña pequeña de pelo blanco: @Selka de niña / La niña ladea la cabeza hacia la General, con la voz más tierna del mu / @Selka recibe la frase; la cara empezando a agrietarse",Fuiste tú quien la mató. Al menos… eso creyó ella.
150,ACTO 3,SEC 26 — 'Fui yo',115-117,3,42:11,42:29,18,"«@Selka niña», cruel y dulce / @Selka, la respiración rota, negando apenas con la cabeza, sin poder ha / La niña, el golpe final","Tu madre vino a salvarte. Y murió mirando esta cara. Odiándote con toda el alma. | Porque la maté yo, pequeña. Vistiendo tu rostro. Te puse el cuchillo en la mano sin que lo supieras."
151,ACTO 3,SEC 26 — 'Fui yo',118-120,3,42:29,42:47,18,"La niña ríe con una risita infantil que hiela la sangre / @Selka retrocede, la cabeza negando sola; veinte años de certezas cayén / La verdad aterriza entera: nunca mató a su madre, y su madre murió cre",
152,ACTO 3,SEC 26 — 'Fui yo',121-123,3,42:47,43:04,17,"Los labios de @Selka empiezan a tararear, sin querer, la nana; el hilo  / Por fin lo entiende: es la canción de su madre, la que @Vera le cantaba / @Selka se quiebra entera y cae de rodillas sobre la cubierta",
153,ACTO 3,SEC 26 — 'Fui yo',124-126,3,43:04,43:20,16,"@Selka, la nana rota saliéndole sola / Un grito que sale de lo más hondo / @Selka mira a @Stella, muerta-en-coma en el piso; el grito partido",…esa canción. Era de ella. | …ERA MI MADRE. | ERA NUESTRA MADRE.
154,ACTO 3,SEC 26 — 'Fui yo',127,1,43:20,43:29,9,"@Selka de rodillas junto al cuerpo de su hermana, sola en la cubierta i",
155,ACTO 3,SEC 27 — El Parásito,128-131,4,43:29,43:48,19,"La cosa abandona todos los disfraces; la carne de la niña se deshace / Toma su forma real: el Parásito, criatura colosal hecha de la luz roba / La mole del monstruo se alza hasta el techo; lo que dejó hueco el cora / @Selka —recién rota, recién humana— con una sola certeza nueva: su herm",
156,ACTO 3,SEC 27 — El Parásito,132-139,8,43:48,44:07,19,"La mano de @Selka recoge su hoja de luz del suelo; el filo se reenciend / @Selka se lanza contra el monstruo para cubrir el rescate de @Stella / No le da la talla, ni cerca; la hoja de luz apenas raya la mole / El Parásito, casi sin notarlo, le secciona el brazo de un golpe de luz / @Selka cae, manca, pero viva; rueda por la cubierta / @Selka en el suelo, el muñón humeante de luz, la cara de puro shock, la / Una explosión revienta el mamparo; el metal se dobla hacia dentro / Entra @Theron entre el humo, inmenso, quieto",
157,ACTO 3,SEC 27 — El Parásito,140-144,5,44:07,44:25,18,"@Theron mira al monstruo; por primera vez en veinte mil años lo ve con  / @Theron, bajo, casi un rezo / @Brog y @Nima entran por la brecha mientras @Theron le hace frente al Par / @Brog levanta a @Stella en coma como a una pluma; @Nima carga a @Selka man / @Vosk cubre la puerta con su hoja en alto; llegó, después de todo",Ahí estás.
158,ACTO 3,SEC 27 — El Parásito,145-147,3,44:25,44:39,14,"@Nima grita a @Theron por encima del estruendo / @Theron retrocede de espaldas, sin quitarle los ojos al Parásito, hacia / El Parásito llenando la sala, indiferente a la huida; sostener su inme",¡Las tengo! ¡VÁMONOS!
159,ACTO 3,SEC 28 — El portal,148-150,3,44:39,44:57,18,"La nave-palacio termina de arrancarse de la ciudad, escupiendo escombr / La mole se eleva sobre Erdia, tapando el cielo gris / En el cielo se abre un portal: un tajo de luz hacia el próximo mundo q",
160,ACTO 3,SEC 28 — El portal,151-152,2,44:57,45:11,14,"La nave-palacio entra en el portal y desaparece; no persigue a nadie,  / El cielo se cierra sobre la ciudad; el tajo de luz se sutura; silencio",
161,ACTO 3,SEC 28 — El portal,153-155,3,45:11,45:31,20,"Ceniza y escombros cayendo lentos sobre las ruinas vacías; el aire qui / La nave de @Theron se aleja en la dirección contraria, pequeña contra E / En el puente, @Theron mira el punto donde estuvo el portal; por primera",
162,ACTO 3,SEC 28 — El portal,156-158,3,45:31,45:50,19,"@Theron, la voz baja / @Theron, la certeza asentándose en sus ojos que no parpadean / El vacío del espacio; Erdia enferma girando lenta, sola, en el negro",Veinte mil años buscándolo. | Por fin sé adónde va a llevarlo.
163,ACTO 3,SEC 29 — Enfermería,159-160,2,45:50,46:05,15,"Enfermería en quietud; el zumbido bajo de la nave; luz azulada y estan / @Stella flota en un tanque de soporte vital, dormida, intacta, ausente;",
164,ACTO 3,SEC 29 — Enfermería,161-162,2,46:05,46:20,15,"Junto al tanque, @Naio le sostiene la mirada a su hija dormida sin pode / Sobre el pecho de @Stella, dentro del agua, late un resplandor tenue: G",
165,ACTO 3,SEC 29 — Enfermería,163-165,3,46:20,46:37,17,"@Theron mira la brasa, en voz baja / La brasa titila, débil, dentro del agua; sostener la fragilidad / @Selka entra; el brazo le falta, vendado; la cara de quien perdió todo ",Eso es lo único que la sostiene. | Y se está apagando.
166,ACTO 3,SEC 29 — Enfermería,166-168,3,46:37,46:52,15,"@Selka se acerca a @Naio, su padre; lo mira; le toma la mano con la únic / @Selka, sin casi voz / @Selka deja aterrizar la palabra; la culpa desbordándole en silencio",Perdóname.
167,ACTO 3,SEC 29 — Enfermería,169-171,3,46:52,47:10,18,"@Selka, quebrada / @Selka traga, junta la voluntad, jura / La mano de @Naio, sin palabras, aprieta la de @Selka; la perdona con eso",No sabía. Nada. Me lo robaron todo y ni cuenta me di. | Voy a volver. Voy a salvar lo que quede de Erdia. Te lo juro por ella.
168,ACTO 3,SEC 29 — Enfermería,172-174,3,47:10,47:26,16,"@Selka se vuelve hacia el tanque, hacia su hermana dormida / La palma única de @Selka se apoya en el cristal frío, justo sobre la ca / @Selka, la frente contra el cristal",No sabía que eras tú.
169,ACTO 3,SEC 29 — Enfermería,175-177,3,47:26,47:44,18,"@Selka sostiene la mirada en la cara dormida de su hermana; el silencio / @Selka, un ruego / La cara de @Stella dormida en el agua; quietud absoluta; sostener",Despierta. Y déjame decírtelo a la cara.
170,ACTO 3,SEC 29 — Enfermería,178-179,2,47:44,47:58,14,"Desde el fondo del coma, con la voz de su madre dentro, los labios de  / La brasa de @Gix late una vez más dentro del tanque: débil, pequeña; pe",…un río que vuelve.
171,ACTO 3,SEC 29 — Enfermería,180-181,2,47:58,48:13,15,"@Selka con la frente en el cristal, oyendo el susurro, los ojos cerránd / El tanque iluminado en la enfermería a oscuras, tres figuras veladas a",
172,ACTO 3,SEC 29 — Enfermería,182-183,2,48:13,48:27,14,"La brasa de @Gix, un último latido tenue en el agua, sostenido hasta qu / Corte a negro",
