carpeta,archivo,tipo,fecha_utc,elementos_de_referencia
imagenes/2026-08,hf_20260828_065527_c9dba225-2cd4-4521-9ebc-1d6c296815bf.png,image,2026-08-28 06:55,
imagenes/2026-08,hf_20260828_065550_557f6388-8e32-4bb1-a89f-317ebc1d3847.png,image,2026-08-28 06:55,
imagenes/2026-08,hf_20260828_065841_c9477b2d-529b-4dab-a3bd-6a71b7b36d07.png,image,2026-08-28 06:58,
imagenes/2026-08,hf_20260828_070013_814e18a2-43e8-49b1-8e98-7e425a25ae83.png,image,2026-08-28 07:00,
imagenes/2026-08,hf_20260828_070612_b12771f6-b331-4926-bbb0-b72a7ae695b2.png,image,2026-08-28 07:06,
imagenes/2026-08,hf_20260828_070911_b20d09bb-0671-42ca-b85b-be75b0a20a34.png,image,2026-08-28 07:09,
imagenes/2026-08,hf_20260828_071320_aac8fe0e-cb01-4f19-80c9-70419cb93ddb.png,image,2026-08-28 07:13,
imagenes/2026-08,hf_20260828_071402_04d450d2-7da6-4258-802e-d7f67ac2f577.png,image,2026-08-28 07:14,
imagenes/2026-08,hf_20260828_071721_6d4f7548-9ad1-4241-b2aa-b0a305f9c1c1.png,image,2026-08-28 07:17,
imagenes/2026-08,hf_20260828_071847_c24b1831-b484-42b0-8de2-805a3ec72049.png,image,2026-08-28 07:18,
imagenes/2026-08,hf_20260828_072404_1f0cf8ad-2c3c-4abc-8e93-7dd22eb49162.png,image,2026-08-28 07:24,
imagenes/2026-08,hf_20260828_072605_c68053b7-676a-4b73-b622-956d829548bb.png,image,2026-08-28 07:26,
imagenes/2026-08,hf_20260828_072805_1600090d-f795-43a7-b06c-9b342e25e4f8.png,image,2026-08-28 07:28,
imagenes/2026-08,hf_20260828_073015_99a0ea0f-bce7-4e06-a1c3-0173423bc5fd.png,image,2026-08-28 07:30,
imagenes/2026-08,hf_20260828_073232_c072c021-6e40-475b-8f11-5846999d81c9.png,image,2026-08-28 07:32,
imagenes/2026-08,hf_20260828_073446_68b01d58-f441-463c-845c-7d1eedf8010d.png,image,2026-08-28 07:34,
imagenes/2026-08,hf_20260828_074742_af245b21-d5df-4ae7-9f69-76e1907bcbaf.png,image,2026-08-28 07:47,
imagenes/2026-08,hf_20260828_074903_85224b3f-0f54-4a6c-9af8-f8ffe60e94df.png,image,2026-08-28 07:49,
imagenes/2026-08,hf_20260828_075435_d864628e-8442-4fe3-9019-5b0e1b7cc4e3.png,image,2026-08-28 07:54,
imagenes/2026-08,hf_20260828_075909_082ef782-30bf-4355-bff7-e20f734fc931.png,image,2026-08-28 07:59,
imagenes/2026-08,hf_20260828_080858_71930910-f061-4f80-b1d8-b2512924bde7.png,image,2026-08-28 08:08,
imagenes/2026-08,hf_20260828_081022_db7e3648-46c8-453e-90a1-ea392e7f2981.png,image,2026-08-28 08:10,
imagenes/2026-08,hf_20260828_082712_8ce45461-e5bd-4c18-b682-eedb8573d83b.png,image,2026-08-28 08:27,
imagenes/2026-08,hf_20260828_083017_519c0833-e4b6-4729-abdc-2b5d7bc4c818.png,image,2026-08-28 08:30,
imagenes/2026-08,hf_20260828_083720_35c09a7d-e371-4a80-997e-57deccb38be9.png,image,2026-08-28 08:37,
imagenes/2026-08,hf_20260828_083807_9075ae20-6186-4731-9129-162a4be227c4.png,image,2026-08-28 08:38,
imagenes/2026-08,hf_20260828_084406_f0595e5d-5eee-4674-888f-ab4de31d3f0e.png,image,2026-08-28 08:44,
imagenes/2026-08,hf_20260828_084931_d30c2688-bec7-4dfd-b9ec-5716af1849e1.png,image,2026-08-28 08:49,
imagenes/2026-08,hf_20260828_085923_3101931b-2a41-4ab2-838b-2555cbfbec2e.png,image,2026-08-28 08:59,
imagenes/2026-08,hf_20260828_090200_706c5227-a31f-46b1-bbc6-e5fb1c5016a2.png,image,2026-08-28 09:02,
imagenes/2026-08,hf_20260828_091600_f4691385-2372-44ea-a92a-fa74eed3e7dc.png,image,2026-08-28 09:16,
imagenes/2026-08,hf_20260828_092502_48880ee5-09b8-4c76-8599-57d799eb58c8.png,image,2026-08-28 09:25,
imagenes/2026-08,hf_20260828_092515_a171cc05-a4c8-4f0a-a269-3268c08a0b9c.png,image,2026-08-28 09:25,
imagenes/2026-08,hf_20260828_093122_16d7abae-cbeb-4c8a-9f96-149d29eeb8f9.png,image,2026-08-28 09:31,
imagenes/2026-08,hf_20260828_093832_8ab78ea2-d719-44aa-b532-8c48cfd8b7e5.png,image,2026-08-28 09:38,
imagenes/2026-08,hf_20260828_094040_e10d5d66-4d00-4e66-880d-eb0000b43e91.png,image,2026-08-28 09:40,
imagenes/2026-08,hf_20260828_094340_00f2e82e-111c-42a6-ae92-b178abe39a47.png,image,2026-08-28 09:43,
imagenes/2026-08,hf_20260828_094536_35c3344d-cc87-4ce7-a8fa-aaf938ebd56e.png,image,2026-08-28 09:45,
imagenes/2026-08,hf_20260828_094929_a66a23ec-2bba-42a2-bf9f-dab96f87c773.png,image,2026-08-28 09:49,
imagenes/2026-08,hf_20260828_095234_9eccbc9d-76b9-4fcc-a970-d184e90f4148.png,image,2026-08-28 09:52,
imagenes/2026-08,hf_20260828_095753_2baa6e30-bc0d-4bde-b75a-a784e407ae9a.png,image,2026-08-28 09:57,
imagenes/2026-08,hf_20260828_095848_57f053e7-afc9-4599-914a-acc83a780075.png,image,2026-08-28 09:58,
imagenes/2026-08,hf_20260828_100617_ccc297ed-8269-4f56-a58f-0746e7db28fc.png,image,2026-08-28 10:06,
imagenes/2026-08,hf_20260828_100746_4d258cf9-fce1-4beb-b41e-5ffcf3204140.png,image,2026-08-28 10:07,
imagenes/2026-08,hf_20260828_101116_d03e1afa-3cf2-4d3f-92cf-0e95abb1da76.png,image,2026-08-28 10:11,
imagenes/2026-08,hf_20260828_101538_243305f5-8974-4373-b482-767260883ee7.png,image,2026-08-28 10:15,
imagenes/2026-08,hf_20260828_102326_b499eaba-fa7e-421d-b69f-00b01e22b7f8.png,image,2026-08-28 10:23,
imagenes/2026-08,hf_20260828_103013_25da3e13-a5b8-418c-bc04-2e6646130977.png,image,2026-08-28 10:30,
imagenes/2026-08,hf_20260828_103703_d3a7f1b7-3a82-4ced-b147-bd03146473ab.png,image,2026-08-28 10:37,
imagenes/2026-08,hf_20260828_103925_b3296872-853d-4c62-9b9c-c5ebeff89365.png,image,2026-08-28 10:39,
imagenes/2026-08,hf_20260828_104845_0abd400f-bf20-44dc-be73-6fdfd41489ac.png,image,2026-08-28 10:48,
imagenes/2026-08,hf_20260828_105302_1a34dd8e-52d3-4ac1-abb7-8fd8a1c0e190.png,image,2026-08-28 10:53,
imagenes/2026-08,hf_20260828_110057_635de136-6768-43c7-9350-1929c040c858.png,image,2026-08-28 11:00,
imagenes/2026-08,hf_20260828_110240_6e503a5f-5474-4a40-a696-b5009d8f7237.png,image,2026-08-28 11:02,
imagenes/2026-08,hf_20260828_111238_100243b5-4b5a-4b8a-b931-a605cce0abb2.png,image,2026-08-28 11:12,
imagenes/2026-08,hf_20260828_111549_7d04e5e1-b716-40ac-aabc-a786b53cd7e8.png,image,2026-08-28 11:15,
imagenes/2026-08,hf_20260828_112002_34bf9b02-7d9d-4440-bac2-86e26f3519a4.png,image,2026-08-28 11:20,
imagenes/2026-08,hf_20260828_112149_cb89a9a1-f27c-4507-8807-21d713dd7c57.png,image,2026-08-28 11:21,
imagenes/2026-08,hf_20260828_112953_db1a8f7a-848b-405c-aaed-7d42308f4b5d.png,image,2026-08-28 11:29,
imagenes/2026-08,hf_20260828_113402_107aded4-debd-4174-8155-94baee164d29.png,image,2026-08-28 11:34,
imagenes/2026-08,hf_20260828_113509_a0bc6997-0c91-4d7c-b84d-8df4be5330ad.png,image,2026-08-28 11:35,
imagenes/2026-08,hf_20260828_114026_4c69aab2-2906-4659-a7a4-5ddacb825817.png,image,2026-08-28 11:40,
imagenes/2026-08,hf_20260828_114639_79a29063-289a-489d-bc4d-e3382bfd68b2.png,image,2026-08-28 11:46,
imagenes/2026-08,hf_20260828_115046_8d97c7e7-fd44-4fd9-9d79-d24b27990c91.png,image,2026-08-28 11:50,
imagenes/2026-08,hf_20260828_115308_093ae2b2-289e-4848-84ab-c3200b9964b8.png,image,2026-08-28 11:53,
imagenes/2026-08,hf_20260828_115555_f8403c81-d00e-4f15-afee-ca72d5c118c4.png,image,2026-08-28 11:55,
imagenes/2026-08,hf_20260828_120602_6965c0f1-859d-4703-b2a2-a776afdcc091.png,image,2026-08-28 12:06,
imagenes/2026-08,hf_20260828_120746_a3f79ea0-80b0-47b1-a1f1-0ca93e87dd14.png,image,2026-08-28 12:07,
imagenes/2026-08,hf_20260828_121229_ace0a546-8a19-4f18-949f-6445f25a13f6.png,image,2026-08-28 12:12,
imagenes/2026-08,hf_20260828_121252_a0559989-b3f2-41dd-8e20-b55f4f16baf9.png,image,2026-08-28 12:12,
imagenes/2026-08,hf_20260828_121725_bbf0a363-c6c7-41e0-83a8-5ac79cd26755.png,image,2026-08-28 12:17,
imagenes/2026-08,hf_20260828_122039_163e291c-50c0-418c-b95b-4ac6b1ada2f3.png,image,2026-08-28 12:20,
imagenes/2026-08,hf_20260828_122249_1018cdca-6b99-4fe3-86f5-bca128bed2a1.png,image,2026-08-28 12:22,
imagenes/2026-08,hf_20260828_123020_ecd03332-1d9f-49e0-a020-42ae25f34d14.png,image,2026-08-28 12:30,
imagenes/2026-08,hf_20260828_123359_9efe4c4e-beef-4686-9d92-023041ed2066.png,image,2026-08-28 12:33,
imagenes/2026-08,hf_20260828_123714_d9fdcf7f-bead-4953-b6e3-fbc1d44f785f.png,image,2026-08-28 12:37,
imagenes/2026-08,hf_20260828_123942_d028e029-9fb0-4162-a7db-631c4bc1a1ae.png,image,2026-08-28 12:39,
imagenes/2026-08,hf_20260828_124711_e47b3754-0b2e-4ddc-abe2-0b51e900731a.png,image,2026-08-28 12:47,
imagenes/2026-08,hf_20260828_124753_6b3b4601-f5d9-4703-a5c8-3bb957dfa270.png,image,2026-08-28 12:47,
imagenes/2026-08,hf_20260828_125320_b0772a4f-2eb1-4383-9f3c-959793cc4fa2.png,image,2026-08-28 12:53,
imagenes/2026-08,hf_20260828_125613_a68d77c4-4569-4c21-884d-19bb3a4ff086.png,image,2026-08-28 12:56,
imagenes/2026-08,hf_20260828_130149_4c188f55-5536-448e-9780-e92394a5efe5.png,image,2026-08-28 13:01,
imagenes/2026-08,hf_20260828_130212_4eaad96a-15cf-4e4a-8195-7608b6f8862d.png,image,2026-08-28 13:02,
imagenes/2026-08,hf_20260828_131009_3d5c69d3-a21e-482f-a5ee-8c6abb6da9ad.png,image,2026-08-28 13:10,
imagenes/2026-08,hf_20260828_131047_65238cce-ede3-4b0b-b95b-3fcd16c6b225.png,image,2026-08-28 13:10,
imagenes/2026-08,hf_20260828_131604_43ad2d26-58d3-422b-9599-e3cb6b86e04d.png,image,2026-08-28 13:16,
imagenes/2026-08,hf_20260828_132214_d587e65a-4741-4905-84d8-13d8e06180b5.png,image,2026-08-28 13:22,
imagenes/2026-08,hf_20260828_133010_1dd9554e-d227-42bd-baf1-5074f2787a3f.png,image,2026-08-28 13:30,
imagenes/2026-08,hf_20260828_133144_76202fe5-23e7-4027-909f-dc151eae53f2.png,image,2026-08-28 13:31,
imagenes/2026-08,hf_20260828_133949_66efeb16-2ffb-40ef-a292-c96db5fadb47.png,image,2026-08-28 13:39,
imagenes/2026-08,hf_20260828_134111_0be0001e-8364-48db-8367-760b1662751e.png,image,2026-08-28 13:41,
imagenes/2026-08,hf_20260828_134542_1dccab3d-9f24-437f-b997-698bab428861.png,image,2026-08-28 13:45,
imagenes/2026-08,hf_20260828_135131_ef7193a8-cbd6-40b8-899d-d5a69410e6cd.png,image,2026-08-28 13:51,
imagenes/2026-08,hf_20260828_135135_660ee7ee-e1b8-4e57-a7ab-0405742e68c9.png,image,2026-08-28 13:51,
imagenes/2026-08,hf_20260828_135618_655676ee-4efb-4ff8-8c35-a38cfa84d495.png,image,2026-08-28 13:56,
imagenes/2026-08,hf_20260828_140159_01600621-b95b-4910-89fd-cfeb8a6ca36b.png,image,2026-08-28 14:01,
imagenes/2026-08,hf_20260828_140419_df7001f9-c044-475f-851a-dff51ad2d1f7.png,image,2026-08-28 14:04,
imagenes/2026-08,hf_20260828_141523_86c296b2-314b-4def-b105-8a167f285f93.png,image,2026-08-28 14:15,
imagenes/2026-08,hf_20260828_141728_ae23dcea-4239-45ce-a294-ca7a0b76270f.png,image,2026-08-28 14:17,
imagenes/2026-08,hf_20260828_142051_90a3c9d2-5222-481f-b2b2-641faa97c449.png,image,2026-08-28 14:20,
imagenes/2026-08,hf_20260828_142317_22dbedea-208b-4a2e-862c-858689414fc4.png,image,2026-08-28 14:23,
imagenes/2026-08,hf_20260828_142849_06b49a48-d69e-4507-bc7a-afceb356ae7c.png,image,2026-08-28 14:28,
imagenes/2026-08,hf_20260828_143119_131200da-d111-46d6-9b06-499bf223352b.png,image,2026-08-28 14:31,
imagenes/2026-08,hf_20260828_143735_7a903ed1-80d9-4e6c-89b2-0b827b58d20a.png,image,2026-08-28 14:37,
imagenes/2026-08,hf_20260828_143951_78c17be0-d9ee-4337-835c-a872b9cae729.png,image,2026-08-28 14:39,
imagenes/2026-08,hf_20260828_144314_58d7d8ac-68e7-4416-8408-99fdcb9321e3.png,image,2026-08-28 14:43,
imagenes/2026-08,hf_20260828_145256_e90602fe-540d-44b6-a5ad-708988021bbf.png,image,2026-08-28 14:52,
imagenes/2026-08,hf_20260828_145514_f74973c0-b146-4162-b424-d9df9e0168a7.png,image,2026-08-28 14:55,
imagenes/2026-08,hf_20260828_145830_e547635e-7dc1-4a43-8b22-d8a051f7cc65.png,image,2026-08-28 14:58,
imagenes/2026-08,hf_20260828_150116_aced04d7-2dfe-4d76-9ca8-0b3521d1d00e.png,image,2026-08-28 15:01,
imagenes/2026-08,hf_20260828_150429_29d90d3d-c324-4387-b8a0-1e4172e5310a.png,image,2026-08-28 15:04,
imagenes/2026-08,hf_20260828_151120_ce5e0c68-1764-4f2a-b255-88fff8345825.png,image,2026-08-28 15:11,
imagenes/2026-08,hf_20260828_151216_7ee39ecf-af38-4d0b-9fde-0ec1d6699954.png,image,2026-08-28 15:12,
imagenes/2026-08,hf_20260828_151939_8193d968-3e51-4813-ad8a-9ac199650928.png,image,2026-08-28 15:19,
imagenes/2026-08,hf_20260828_152548_afef9bb7-23a7-47f9-850d-e895d4bd3e0f.png,image,2026-08-28 15:25,
imagenes/2026-08,hf_20260828_152742_483b26f1-7474-4439-9361-e2a2d728e5d4.png,image,2026-08-28 15:27,
imagenes/2026-08,hf_20260828_153310_3b4387c6-fce9-468f-969c-5cc6758d6f48.png,image,2026-08-28 15:33,
imagenes/2026-08,hf_20260828_153342_b376c675-5811-4264-90ed-e57caa32588f.png,image,2026-08-28 15:33,
imagenes/2026-08,hf_20260828_153859_272bec6d-f9ba-44dd-9466-de10ba04d98c.png,image,2026-08-28 15:38,
imagenes/2026-08,hf_20260828_154215_690c3a07-9ec3-4b19-8420-54aa0a5f8abc.png,image,2026-08-28 15:42,
imagenes/2026-08,hf_20260828_154428_fcd8f4ac-c82b-4892-9167-efb03325c3eb.png,image,2026-08-28 15:44,
imagenes/2026-08,hf_20260828_154924_ca5ed4a0-76c2-407d-83df-a2d4849f5aea.png,image,2026-08-28 15:49,
imagenes/2026-08,hf_20260828_154957_c62b18f5-173b-40cd-a5da-9b5a26a9c94c.png,image,2026-08-28 15:49,
imagenes/2026-08,hf_20260828_155729_a07841ff-94e4-4c3e-a95b-4faf0289e1e5.png,image,2026-08-28 15:57,
imagenes/2026-08,hf_20260828_155823_ea5aaf19-ee29-4f17-97df-0ca1f34641db.png,image,2026-08-28 15:58,
imagenes/2026-08,hf_20260828_160413_15d3dae0-53da-42f8-a8ea-057eaa725235.png,image,2026-08-28 16:04,
imagenes/2026-08,hf_20260828_160801_d7dd687b-006b-4903-ba4d-89b72da28e8e.png,image,2026-08-28 16:08,
imagenes/2026-08,hf_20260828_160906_4fa3d240-7359-446f-847f-fd95eb543f31.png,image,2026-08-28 16:09,
imagenes/2026-08,hf_20260828_161613_e2283b99-b776-4ce4-8406-7377dba4d113.png,image,2026-08-28 16:16,
imagenes/2026-08,hf_20260828_161719_09b1ccf4-ac23-4d67-b03d-ebd28a641494.png,image,2026-08-28 16:17,
imagenes/2026-08,hf_20260828_162537_a594653a-8464-4e26-84af-14964f86188c.png,image,2026-08-28 16:25,
imagenes/2026-08,hf_20260828_162649_57efa1f9-de55-4d6f-87e6-de1346db9a89.png,image,2026-08-28 16:26,
imagenes/2026-08,hf_20260828_163109_96ac0aac-9eeb-4327-9f64-5f8a731162f1.png,image,2026-08-28 16:31,
imagenes/2026-08,hf_20260828_163437_61bcacae-903c-4f62-99d5-14768ac62eb5.png,image,2026-08-28 16:34,
imagenes/2026-08,hf_20260828_163711_3893aec2-6d9d-4454-91e7-4256a99d292c.png,image,2026-08-28 16:37,
imagenes/2026-08,hf_20260828_164626_93930724-9f78-4063-aa5b-1b47dce6b938.png,image,2026-08-28 16:46,
imagenes/2026-08,hf_20260828_164724_812fb40b-1d92-483c-82ab-96ed300f740f.png,image,2026-08-28 16:47,
imagenes/2026-08,hf_20260828_165237_38a123bb-aee7-4125-bd26-447c374ad7b2.png,image,2026-08-28 16:52,
imagenes/2026-08,hf_20260828_165857_44e0de11-e01a-423b-9529-877c1bae63f8.png,image,2026-08-28 16:58,
imagenes/2026-08,hf_20260828_170319_71a556be-4ded-40e7-bb93-c07c30b8763a.png,image,2026-08-28 17:03,
imagenes/2026-08,hf_20260828_170637_452f7722-0a5c-4765-b24c-a09dd65e6f90.png,image,2026-08-28 17:06,
imagenes/2026-08,hf_20260828_170917_5bcd96f8-5f60-431a-86d4-3fd263c80bdf.png,image,2026-08-28 17:09,
imagenes/2026-08,hf_20260828_171741_f9f56d4b-6af0-4fbc-87d8-a498e606a1d0.png,image,2026-08-28 17:17,
imagenes/2026-08,hf_20260828_171838_1e4d6d13-3185-404e-8fe1-03e3cd6f9008.png,image,2026-08-28 17:18,
imagenes/2026-08,hf_20260828_172457_ad0b81ff-e931-4a68-a67c-b12bc5b92dde.png,image,2026-08-28 17:24,
imagenes/2026-08,hf_20260828_172650_f1a91e6d-5fb5-4949-bb07-936f7378e146.png,image,2026-08-28 17:26,
imagenes/2026-08,hf_20260828_173404_91e43a2a-1a90-490d-a9a8-bab9536e93f5.png,image,2026-08-28 17:34,
imagenes/2026-08,hf_20260828_173451_72f8dff9-ac0c-43b3-8ac2-cd6505cc4d24.png,image,2026-08-28 17:34,
imagenes/2026-08,hf_20260828_174019_eb32a7f2-5456-4e4d-9cba-2c2b9eeadb5f.png,image,2026-08-28 17:40,
imagenes/2026-08,hf_20260828_174520_ae05754d-c00a-42b1-905e-dd29c36ef386.png,image,2026-08-28 17:45,
imagenes/2026-08,hf_20260828_174656_c0e7a3cd-59ca-4c6c-95b3-795bb3b46b44.png,image,2026-08-28 17:46,
imagenes/2026-08,hf_20260828_175155_13c4209a-928d-43f6-8482-87a42cc89e21.png,image,2026-08-28 17:51,
imagenes/2026-08,hf_20260828_175431_ab2f7387-625f-4524-bf2b-6fe1c5f173b1.png,image,2026-08-28 17:54,
imagenes/2026-08,hf_20260828_175815_fcb381f9-76ab-4262-a8f3-768b1f6c2209.png,image,2026-08-28 17:58,
imagenes/2026-08,hf_20260828_180044_d9001b7c-51b8-46dd-af37-2432f447f122.png,image,2026-08-28 18:00,
imagenes/2026-08,hf_20260828_180358_1ec335b7-9551-42b8-b5ca-40ba16ec1acb.png,image,2026-08-28 18:03,
imagenes/2026-08,hf_20260828_180536_24166240-7f0f-4435-8518-574ca1aec9f1.png,image,2026-08-28 18:05,
imagenes/2026-08,hf_20260828_181106_4dbffab7-6c85-48f6-9f9e-6a15907eb60f.png,image,2026-08-28 18:11,
imagenes/2026-08,hf_20260828_181222_c921508f-99a5-4530-8945-d21339604415.png,image,2026-08-28 18:12,
imagenes/2026-08,hf_20260828_181550_f875bdbb-e2a6-4884-9652-1721eff4bded.png,image,2026-08-28 18:15,
imagenes/2026-08,hf_20260828_181736_6646a6fe-72be-4b1e-8207-7235fa81f1d4.png,image,2026-08-28 18:17,
imagenes/2026-08,hf_20260828_182459_dc93d51c-036e-4113-885b-5f8248f9a333.png,image,2026-08-28 18:24,
imagenes/2026-08,hf_20260828_183534_bc0e015f-4056-4f5d-8c69-4588f3f0f610.png,image,2026-08-28 18:35,
imagenes/2026-08,hf_20260828_183633_f133c063-6d73-4a59-85f1-d54519581735.png,image,2026-08-28 18:36,
imagenes/2026-08,hf_20260828_183942_fff8d432-c8e6-4bd3-935b-4f1cdd4dd85f.png,image,2026-08-28 18:39,
imagenes/2026-08,hf_20260828_184110_b72490ff-cd78-431b-a423-69cf14e31248.png,image,2026-08-28 18:41,
imagenes/2026-08,hf_20260828_184942_a4661bd9-4025-43e9-bde4-9d1c632e512a.png,image,2026-08-28 18:49,
imagenes/2026-08,hf_20260828_185015_3530d9e4-0ac1-4350-9b53-5331b4def81d.png,image,2026-08-28 18:50,
imagenes/2026-08,hf_20260828_185941_876c0f91-f6a2-43b9-b27b-b3cae29db905.png,image,2026-08-28 18:59,
imagenes/2026-08,hf_20260828_190231_b10bfb5a-f487-4769-ad1a-caf35cdedaf6.png,image,2026-08-28 19:02,
imagenes/2026-08,hf_20260828_190746_c5b07fda-96af-4397-a4ec-ac781cef5cb2.png,image,2026-08-28 19:07,
imagenes/2026-08,hf_20260828_190815_1c010cf4-d764-4919-9f2b-80de7d4f937b.png,image,2026-08-28 19:08,
imagenes/2026-08,hf_20260828_191427_cabcf95f-0e98-4d26-8698-fe7803b2ff07.png,image,2026-08-28 19:14,
imagenes/2026-08,hf_20260828_191514_9d1500c7-61aa-43fc-80b2-e64ae292f27a.png,image,2026-08-28 19:15,
imagenes/2026-08,hf_20260828_192346_9ae99b57-8bba-4464-a88e-8f00a6fc8152.png,image,2026-08-28 19:23,
imagenes/2026-08,hf_20260828_192505_79600609-22db-4938-b2b4-755f64616c7e.png,image,2026-08-28 19:25,
imagenes/2026-08,hf_20260828_193142_b99645f3-6277-4e58-b791-ea74d883297e.png,image,2026-08-28 19:31,
imagenes/2026-08,hf_20260828_193202_64c6cc1a-8a9e-4f3b-94e8-5705e833a359.png,image,2026-08-28 19:32,
imagenes/2026-08,hf_20260828_193631_711c8cac-9e3b-43e8-9f8e-7fac76c15a4d.png,image,2026-08-28 19:36,
imagenes/2026-08,hf_20260828_193744_84a6678d-51b9-48e0-8bc0-b7dac178aa17.png,image,2026-08-28 19:37,
imagenes/2026-08,hf_20260828_194700_60b9c4bb-752a-4a18-895e-3acb83a4f406.png,image,2026-08-28 19:47,
imagenes/2026-08,hf_20260828_194847_d5defd4f-9901-4618-92f2-35cc9469a374.png,image,2026-08-28 19:48,
imagenes/2026-08,hf_20260828_195813_edd29eb4-2c74-48e8-a7fa-739fb7638fba.png,image,2026-08-28 19:58,
imagenes/2026-08,hf_20260828_195902_ff2febde-1bc3-4af1-92ae-841e677a43fe.png,image,2026-08-28 19:59,
imagenes/2026-08,hf_20260828_200626_c84f7801-0263-486d-9333-de428b368457.png,image,2026-08-28 20:06,
imagenes/2026-08,hf_20260828_200736_f9341aec-09bb-478b-b82d-6726df865d47.png,image,2026-08-28 20:07,
imagenes/2026-08,hf_20260828_201526_c86610ff-98bb-4b2b-ae1d-35c8b30fa2b9.png,image,2026-08-28 20:15,
imagenes/2026-08,hf_20260828_201834_cc0895ca-f970-4825-8cf6-270a462e088c.png,image,2026-08-28 20:18,
imagenes/2026-08,hf_20260828_202038_29675e29-5c31-4fc7-85c8-70ee1e509e05.png,image,2026-08-28 20:20,
imagenes/2026-08,hf_20260828_202405_387d656d-dbac-4372-997e-c2aead6e098c.png,image,2026-08-28 20:24,
imagenes/2026-08,hf_20260828_202559_fe89c8db-7820-429d-942e-d44c98206d39.png,image,2026-08-28 20:25,
imagenes/2026-08,hf_20260828_203316_ac42f0a8-99bb-4bec-b571-e41dd37b4e93.png,image,2026-08-28 20:33,
imagenes/2026-08,hf_20260828_203513_50e51c1e-dd34-4cbd-b43f-b11deb301c39.png,image,2026-08-28 20:35,
imagenes/2026-08,hf_20260828_203914_43f3840b-ac05-4cdf-8619-4db09c7658e8.png,image,2026-08-28 20:39,
imagenes/2026-08,hf_20260828_204056_10082f6a-eb50-4093-b6bd-fa239821c6f6.png,image,2026-08-28 20:40,
imagenes/2026-08,hf_20260828_204620_ead94a2e-c185-46e7-98cb-c98b4fc4ed25.png,image,2026-08-28 20:46,
imagenes/2026-08,hf_20260828_204912_cc502395-d6cf-47ad-8c5e-06cccc9e3a4c.png,image,2026-08-28 20:49,
imagenes/2026-08,hf_20260828_205302_668a4550-0497-4428-b95e-8e81216c29b9.png,image,2026-08-28 20:53,
imagenes/2026-08,hf_20260828_205802_30ad0f3c-3cdf-41c8-a728-c4373824c991.png,image,2026-08-28 20:58,
imagenes/2026-08,hf_20260828_210731_358943f8-d0e4-472c-8af2-ed67b83e6b6a.png,image,2026-08-28 21:07,
imagenes/2026-08,hf_20260828_210955_f15d98aa-ee4b-47e4-9010-24fff8c93afc.png,image,2026-08-28 21:09,
imagenes/2026-08,hf_20260828_211450_663afc33-9bc5-4c49-ba0b-3c7a0df46ace.png,image,2026-08-28 21:14,
imagenes/2026-08,hf_20260828_211516_3a85819b-5d45-4749-a84e-6f1515e615aa.png,image,2026-08-28 21:15,
imagenes/2026-08,hf_20260828_211919_737b5918-fd4e-4c3d-86fe-b74d011405fd.png,image,2026-08-28 21:19,
imagenes/2026-08,hf_20260828_212040_92695c5e-12c5-4e58-b071-2d794fde9cf4.png,image,2026-08-28 21:20,
imagenes/2026-08,hf_20260828_213411_d2c3ab72-8be2-4770-94ef-a22cc517a92e.png,image,2026-08-28 21:34,
imagenes/2026-08,hf_20260828_213721_80e97585-e207-4220-92ff-4b287bfcbf3d.png,image,2026-08-28 21:37,
imagenes/2026-08,hf_20260828_213902_35a79ee0-1aee-4b44-bc2a-731fc0450b76.png,image,2026-08-28 21:39,
imagenes/2026-08,hf_20260828_214903_de750289-3abb-4d0d-865b-700140318da9.png,image,2026-08-28 21:49,
imagenes/2026-08,hf_20260828_214924_d0529ff8-4ee5-4cce-b5ba-92663567f3d0.png,image,2026-08-28 21:49,
imagenes/2026-08,hf_20260828_215437_65d3c938-2f9c-4da1-b1ea-45d7d39d9532.png,image,2026-08-28 21:54,
imagenes/2026-08,hf_20260828_215636_9ad8723c-94bc-4bbc-97b6-8f788510fff9.png,image,2026-08-28 21:56,
imagenes/2026-08,hf_20260828_215958_8689eae1-3eb4-4285-8be6-ee7efe6b69ef.png,image,2026-08-28 21:59,
imagenes/2026-08,hf_20260828_220156_734a8c05-7325-4b59-a525-5b780c7f1665.png,image,2026-08-28 22:01,
imagenes/2026-08,hf_20260828_220500_66d9c3c4-b3b9-491d-90ae-de158ceb49bb.png,image,2026-08-28 22:05,
imagenes/2026-08,hf_20260828_220702_3566ff17-bfb6-473d-ae4e-bc96936a3c21.png,image,2026-08-28 22:07,
imagenes/2026-08,hf_20260828_220959_5ebcca33-f85f-4abd-8535-65ab6dfc3a08.png,image,2026-08-28 22:09,
imagenes/2026-08,hf_20260828_221631_43d3ebba-9863-47c1-b600-4db607781083.png,image,2026-08-28 22:16,
imagenes/2026-08,hf_20260828_221656_a7823159-c0cc-4e0a-af3e-ca43094588b9.png,image,2026-08-28 22:16,
imagenes/2026-08,hf_20260828_222436_b285dc9e-c210-4df1-8c4e-57f8776d9e8a.png,image,2026-08-28 22:24,
imagenes/2026-08,hf_20260828_222514_4a1f788d-8486-4789-b979-225c4a10ba27.png,image,2026-08-28 22:25,
imagenes/2026-08,hf_20260828_223015_49bcbc0d-c9a1-4817-a808-c8fa6db96181.png,image,2026-08-28 22:30,
imagenes/2026-08,hf_20260828_223649_f96ff403-837a-44c8-9be5-ccfa7a148674.png,image,2026-08-28 22:36,
imagenes/2026-08,hf_20260828_223842_ace074a1-011f-4701-8219-c707122d38e5.png,image,2026-08-28 22:38,
imagenes/2026-08,hf_20260828_224358_7ac23adb-f609-4fbb-8418-f72a09ba8fc7.png,image,2026-08-28 22:43,
imagenes/2026-08,hf_20260828_224530_7e0d60ea-fe89-4f31-be1e-396a5fb06b36.png,image,2026-08-28 22:45,
imagenes/2026-08,hf_20260828_225030_2b0c140e-f649-4827-a6ed-261f6c5c0f48.png,image,2026-08-28 22:50,
imagenes/2026-08,hf_20260828_225048_d47baacf-9c6a-45e1-8218-7e731b77d1c3.png,image,2026-08-28 22:50,
imagenes/2026-08,hf_20260828_230813_7c470f22-04fb-4b0e-8009-088f253584f2.png,image,2026-08-28 23:08,
imagenes/2026-08,hf_20260828_232553_59415912-bb86-4f96-8389-adbf9c4686b7.png,image,2026-08-28 23:25,
imagenes/2026-08,hf_20260828_232639_5f37aa6d-7ec5-424c-943f-51ed984ec0b9.png,image,2026-08-28 23:26,
imagenes/2026-08,hf_20260828_233351_ff607793-1123-49cc-8f63-074228a252ea.png,image,2026-08-28 23:33,
imagenes/2026-08,hf_20260828_233514_3a0c2e33-6248-4498-9586-82f749141a7d.png,image,2026-08-28 23:35,
imagenes/2026-08,hf_20260828_233904_46bf2348-99a8-4b7d-a720-8586f9dae624.png,image,2026-08-28 23:39,
imagenes/2026-08,hf_20260828_234052_43ae82fc-4b02-4d46-9579-016b2a73c0ab.png,image,2026-08-28 23:40,
imagenes/2026-08,hf_20260828_234434_9a700085-2722-4e5e-b993-91fe544d9cb3.png,image,2026-08-28 23:44,
imagenes/2026-08,hf_20260828_234753_4baa65da-293e-4b5c-bc0e-b5d046f385ba.png,image,2026-08-28 23:47,
imagenes/2026-08,hf_20260828_235015_d2df760e-bebb-4477-ace0-5fcfd40c17bc.png,image,2026-08-28 23:50,
imagenes/2026-08,hf_20260828_235447_de07073c-9ced-4aad-86ae-bb9836083193.png,image,2026-08-28 23:54,
imagenes/2026-08,hf_20260828_235632_2afd01c8-1d71-4fe6-b877-a89b76ef7348.png,image,2026-08-28 23:56,
imagenes/2026-08,hf_20260829_002203_99a834c8-97b5-4617-bf7d-86cc1318b6b6.png,image,2026-08-29 00:22,
imagenes/2026-08,hf_20260829_002713_c02dec25-6172-4a99-a892-5d6148d0ee7b.png,image,2026-08-29 00:27,
imagenes/2026-08,hf_20260829_003329_6761a71c-9e30-4276-bb48-170377dff2f9.png,image,2026-08-29 00:33,
imagenes/2026-08,hf_20260829_004024_cb6f3a6b-096a-41e4-a3ae-55e88eb904bf.png,image,2026-08-29 00:40,
imagenes/2026-08,hf_20260829_005017_a88ff96d-9535-4296-84f0-9c0fd84d7a31.png,image,2026-08-29 00:50,
imagenes/2026-08,hf_20260829_005343_9919f297-38dd-4009-8932-0cc0346a5f6e.png,image,2026-08-29 00:53,
imagenes/2026-08,hf_20260829_005806_6873a3c7-63eb-4c6a-b9a3-70804f782671.png,image,2026-08-29 00:58,
imagenes/2026-08,hf_20260829_010039_c0123a8b-f5af-47b4-b912-a903ac9394d2.png,image,2026-08-29 01:00,
imagenes/2026-08,hf_20260829_010423_0170b55f-fb90-4449-a627-4342553a01a1.png,image,2026-08-29 01:04,
imagenes/2026-08,hf_20260829_010834_4a92d097-d834-4a9a-9d93-d2cfb3af89b5.png,image,2026-08-29 01:08,
imagenes/2026-08,hf_20260829_011458_111d275a-0c78-48ce-adce-4890531daeea.png,image,2026-08-29 01:14,
imagenes/2026-08,hf_20260829_011815_94e36dcf-e1f6-4be7-a37c-281120333879.png,image,2026-08-29 01:18,
imagenes/2026-08,hf_20260829_012133_efb2ba19-71d4-4d05-ba8e-9dc09c43619f.png,image,2026-08-29 01:21,
imagenes/2026-08,hf_20260829_012759_4339274f-9d71-40aa-8994-35894f6f327e.png,image,2026-08-29 01:27,
imagenes/2026-08,hf_20260829_012852_510c0aae-df37-4a7c-8986-7c04a989576e.png,image,2026-08-29 01:28,
imagenes/2026-08,hf_20260829_013651_28ba3de8-737e-4168-b0af-5945108097f2.png,image,2026-08-29 01:36,
imagenes/2026-08,hf_20260829_013843_0f24c7f4-9ba1-42ea-a1e4-009bf9157d27.png,image,2026-08-29 01:38,
imagenes/2026-08,hf_20260829_014132_c0040376-23d3-4a2a-81ba-ce52a62c6dad.png,image,2026-08-29 01:41,
imagenes/2026-08,hf_20260829_014335_760f38b5-4eff-4969-b5ee-28d7b0ba201b.png,image,2026-08-29 01:43,
imagenes/2026-08,hf_20260829_014624_cb8d825a-2922-42ea-b1e8-0c438e909b7b.png,image,2026-08-29 01:46,
imagenes/2026-08,hf_20260829_014821_83a44095-8d95-4fa8-9b42-ebea07067d1b.png,image,2026-08-29 01:48,
imagenes/2026-08,hf_20260829_015109_563b7fc2-8dbb-44c1-b1c8-5c5023a1a6f2.png,image,2026-08-29 01:51,
imagenes/2026-08,hf_20260829_015417_72c74177-973c-4439-9a0b-ed2b8b518ed5.png,image,2026-08-29 01:54,
imagenes/2026-08,hf_20260829_015558_be0298d2-7d9b-47d4-a85c-0db9205a6887.png,image,2026-08-29 01:55,
imagenes/2026-08,hf_20260829_020104_cd665ae2-dac5-4e5f-b75c-ddae4fece606.png,image,2026-08-29 02:01,
imagenes/2026-08,hf_20260829_020253_536e5396-c019-4e49-9d1f-e0443206d417.png,image,2026-08-29 02:02,
imagenes/2026-08,hf_20260829_020744_62bf38a7-e70c-4ce2-a7d5-81edcf1eeff5.png,image,2026-08-29 02:07,
imagenes/2026-08,hf_20260829_020829_f79b0051-30a5-4734-93b3-f0fcdd8a516e.png,image,2026-08-29 02:08,
imagenes/2026-08,hf_20260829_021738_283d6734-1aed-4ba1-b014-80d41c158928.png,image,2026-08-29 02:17,
imagenes/2026-08,hf_20260829_021836_5ca17d46-1bdb-439a-b3ee-a217d249da2d.png,image,2026-08-29 02:18,
imagenes/2026-08,hf_20260829_022227_5f914f53-d7ed-4899-80a2-767152fe8807.png,image,2026-08-29 02:22,
imagenes/2026-08,hf_20260829_022340_8847004d-f299-4c1b-93b4-214f6006f8d8.png,image,2026-08-29 02:23,
imagenes/2026-08,hf_20260829_023653_87fa807d-68c6-407c-af7c-d176abfe269e.png,image,2026-08-29 02:36,
imagenes/2026-08,hf_20260829_023722_3980ba8e-033b-4a12-9bc2-4e36c8cef660.png,image,2026-08-29 02:37,
imagenes/2026-08,hf_20260829_024328_17a7b6e8-fda9-497d-804d-3c0a87a341e4.png,image,2026-08-29 02:43,
imagenes/2026-08,hf_20260829_024519_8d159b26-398e-48e9-a8c1-3129c6524456.png,image,2026-08-29 02:45,
imagenes/2026-08,hf_20260829_024836_84279237-2335-4763-bb87-f3e324d41ead.png,image,2026-08-29 02:48,
imagenes/2026-08,hf_20260829_025125_1e93f894-4a5e-416a-9f17-15f3b0b5110d.png,image,2026-08-29 02:51,
imagenes/2026-08,hf_20260829_025426_f782fafb-f8d6-44c7-9ad8-e748cb46d015.png,image,2026-08-29 02:54,
imagenes/2026-08,hf_20260829_025700_3d35ddae-7f9e-486f-a52b-dc66ca7d1138.png,image,2026-08-29 02:57,
imagenes/2026-08,hf_20260829_025938_54ee9ceb-c1fe-430d-88e3-abbc96bd7333.png,image,2026-08-29 02:59,
imagenes/2026-08,hf_20260829_030359_744f5fae-51d3-46dd-8377-8f1773c9469a.png,image,2026-08-29 03:03,
imagenes/2026-08,hf_20260829_030727_0ff91000-b5bd-4d48-808b-ffbd78ffa72b.png,image,2026-08-29 03:07,
imagenes/2026-08,hf_20260829_030853_7c527ee0-55b7-4296-93e6-0f1657e87eb7.png,image,2026-08-29 03:08,
imagenes/2026-08,hf_20260829_031220_fbd9c392-18fa-4381-a3bc-2f828c42fb8e.png,image,2026-08-29 03:12,
imagenes/2026-08,hf_20260829_031427_14034e67-4d4b-4c36-a800-026f776a7c04.png,image,2026-08-29 03:14,
imagenes/2026-08,hf_20260829_031709_4f08496b-188b-4c48-8695-7432029e8862.png,image,2026-08-29 03:17,
imagenes/2026-08,hf_20260829_031915_a8360efe-49da-41a8-93b6-20b937aab9df.png,image,2026-08-29 03:19,
imagenes/2026-08,hf_20260829_032152_9f47b730-a2e2-42c0-bd4a-bce9f81b6f3b.png,image,2026-08-29 03:21,
imagenes/2026-08,hf_20260829_032756_a01b18fb-a252-4a0d-bb73-9d466b8764ce.png,image,2026-08-29 03:27,
imagenes/2026-08,hf_20260829_033913_6b8d1297-728e-491d-9d61-110717a0f29b.png,image,2026-08-29 03:39,
imagenes/2026-08,hf_20260829_034518_e90eef01-05d7-45a7-af52-310d954130b8.png,image,2026-08-29 03:45,
imagenes/2026-08,hf_20260829_034528_049e6ed8-4990-4877-9f06-6bdd6affe304.png,image,2026-08-29 03:45,
imagenes/2026-08,hf_20260829_035522_d4e00d9f-b65c-4c57-8f65-ec700d350206.png,image,2026-08-29 03:55,
imagenes/2026-08,hf_20260829_035543_07f709b7-6668-449e-827b-189cf58ba84c.png,image,2026-08-29 03:55,
imagenes/2026-08,hf_20260829_040104_34ec710b-db28-4b54-82f4-69342996a407.png,image,2026-08-29 04:01,
imagenes/2026-08,hf_20260829_040142_9cd87a2c-6bf5-410d-ac4f-52618312870f.png,image,2026-08-29 04:01,
imagenes/2026-08,hf_20260829_041108_da47d268-2f11-4227-8d88-b273503dfc3d.png,image,2026-08-29 04:11,
imagenes/2026-08,hf_20260829_041934_9e266065-7416-462e-a0e7-58def9cc8a47.png,image,2026-08-29 04:19,
imagenes/2026-08,hf_20260829_042301_9ff45aee-91ed-42f3-a8f2-c13c3fc0b754.png,image,2026-08-29 04:23,
imagenes/2026-08,hf_20260829_042724_8afa5b8a-99b8-4125-bf67-c285a309eea8.png,image,2026-08-29 04:27,
imagenes/2026-08,hf_20260829_042812_037f7be4-3916-41d2-b47a-b9c2972f5eaa.png,image,2026-08-29 04:28,
imagenes/2026-08,hf_20260829_043147_4d4f6058-e9de-45d8-b41a-550ed00abd37.png,image,2026-08-29 04:31,
imagenes/2026-08,hf_20260829_043522_7b766c5a-50ba-4b41-99bd-6dd2d6adb9ec.png,image,2026-08-29 04:35,
imagenes/2026-08,hf_20260829_043855_0aea8962-5c76-49c8-877b-fd37fb80ea8c.png,image,2026-08-29 04:38,
imagenes/2026-08,hf_20260829_044343_8e11b494-35c0-4ba7-a659-c020a5ccf960.png,image,2026-08-29 04:43,
imagenes/2026-08,hf_20260829_044658_e963b45f-009b-4422-b666-a16d361c7990.png,image,2026-08-29 04:46,
imagenes/2026-08,hf_20260829_044837_33e0751b-8a96-4e57-8d54-5e42beb6cd80.png,image,2026-08-29 04:48,
imagenes/2026-08,hf_20260829_045143_aef4b4b4-10ed-4333-903d-0bee67467bbb.png,image,2026-08-29 04:51,
imagenes/2026-08,hf_20260829_045338_d80ef733-1f93-4cba-b686-487c06ba4ffb.png,image,2026-08-29 04:53,
imagenes/2026-08,hf_20260829_045932_7d243733-f3b3-484d-bf1e-8b0ea6aaf6a5.png,image,2026-08-29 04:59,
imagenes/2026-08,hf_20260829_045946_fcd71324-67df-4376-80a5-fe151000b8aa.png,image,2026-08-29 04:59,
imagenes/2026-08,hf_20260829_190325_53ac28d8-19a5-40af-88ff-1a274e4d08b6.png,image,2026-08-29 19:03,
imagenes/2026-08,hf_20260829_200050_e7b512b3-d312-46ea-9545-21640a340fc8.png,image,2026-08-29 20:00,
imagenes/2026-08,hf_20260829_200155_e0c7fca9-9f88-42d5-a087-8857dbad253e.png,image,2026-08-29 20:01,
imagenes/2026-08,hf_20260829_200218_1d11930b-798d-463d-a30f-2b1c6db1f86c.png,image,2026-08-29 20:02,
imagenes/2026-08,hf_20260829_200235_f250d6f6-c275-49eb-b4ac-05ae26734b39.png,image,2026-08-29 20:02,
imagenes/2026-08,hf_20260829_200315_cb0fc437-33d1-4808-81b8-61c3fb424ec2.png,image,2026-08-29 20:03,
imagenes/2026-08,hf_20260829_205901_c2bef47e-1406-4968-bd52-b45c1965413c.png,image,2026-08-29 20:59,
imagenes/2026-08,hf_20260829_210552_db2ec7d8-19fe-422b-bbdd-fbfcd232861a.png,image,2026-08-29 21:05,
imagenes/2026-08,hf_20260829_210827_05a5d36e-95f7-452c-acf8-aecfcad074e6.png,image,2026-08-29 21:08,
imagenes/2026-08,hf_20260829_211413_178c0f91-e5be-4666-b80a-d467defff8f6.png,image,2026-08-29 21:14,
imagenes/2026-08,hf_20260829_211613_5d7f3c59-4cd8-47e5-b36f-b43c5a3a1eed.png,image,2026-08-29 21:16,
imagenes/2026-08,hf_20260829_224905_d7b1d3cf-0cf7-4459-9fc0-036225ec7023.png,image,2026-08-29 22:49,
imagenes/2026-08,hf_20260829_225050_0ab13fd8-b89a-4b9e-8215-0a29109e9c94.png,image,2026-08-29 22:50,
imagenes/2026-08,hf_20260829_231235_d0de3026-b5a9-4f40-861f-44bc81d747d8.png,image,2026-08-29 23:12,
imagenes/2026-08,hf_20260829_231427_05d5146f-48d4-4339-91b1-ad683cbcd2ef.png,image,2026-08-29 23:14,
imagenes/2026-08,hf_20260829_231614_6d40bed5-b3b8-412e-ad25-59c952ddf221.png,image,2026-08-29 23:16,
imagenes/2026-08,hf_20260829_234321_d01f378a-52c6-428b-b742-5304d266ebce.png,image,2026-08-29 23:43,
imagenes/2026-08,hf_20260830_003052_d3e54cd6-643b-4e86-b006-3e284e1c6964.png,image,2026-08-30 00:30,
imagenes/2026-08,hf_20260830_003752_77dbf765-6e03-43b0-b60c-662a94d93583.png,image,2026-08-30 00:37,
imagenes/2026-08,hf_20260830_003912_d64c6252-afaf-41e2-8fc2-36f05bf2f1d7.png,image,2026-08-30 00:39,
imagenes/2026-08,hf_20260830_003954_41687947-9833-458c-a389-4289257a7cba.png,image,2026-08-30 00:39,
imagenes/2026-08,hf_20260830_004118_0e1176b1-974e-4396-8ff0-cbb772ffca06.png,image,2026-08-30 00:41,
imagenes/2026-08,hf_20260830_004214_e8ed0a7a-7626-4d00-b728-8105eae2d468.png,image,2026-08-30 00:42,
imagenes/2026-08,hf_20260830_004319_2932cd98-18de-4c44-9413-8c6fb4c6e93f.png,image,2026-08-30 00:43,
imagenes/2026-08,hf_20260830_004440_63565777-08b1-4703-afe4-29bb3d96b495.png,image,2026-08-30 00:44,
imagenes/2026-08,hf_20260830_071235_0df323d3-a3fc-472d-8f92-6288f800b52d.png,image,2026-08-30 07:12,
imagenes/2026-08,hf_20260830_071300_72d5ce1d-2886-4469-89f2-5f25769faa8f.png,image,2026-08-30 07:13,
imagenes/2026-08,hf_20260830_071435_bafa22f9-0981-40fe-b6e2-84eaa166e643.png,image,2026-08-30 07:14,
imagenes/2026-08,hf_20260830_071450_a747c797-3b87-4b5b-bf06-5219bcdf7536.png,image,2026-08-30 07:14,
imagenes/2026-08,hf_20260830_071631_8d1ed2c2-83b6-47c6-87df-7e5835d72086.png,image,2026-08-30 07:16,
imagenes/2026-08,hf_20260830_071813_a97c1127-3d04-423e-9ac3-8d76839b0bc8.png,image,2026-08-30 07:18,
imagenes/2026-08,hf_20260830_092440_5f4e097a-b116-43c2-aef2-17da3a2281ab.png,image,2026-08-30 09:24,
imagenes/2026-08,hf_20260830_093624_9169103e-e721-42ce-bcf3-316e7d30ed56.png,image,2026-08-30 09:36,
imagenes/2026-08,hf_20260830_102137_07521bc0-3f77-42ac-aff8-45e4095f358d.png,image,2026-08-30 10:21,
imagenes/2026-08,hf_20260830_105706_3c90c8e8-a8b1-4de7-8d30-1d4315b9e8b2.png,image,2026-08-30 10:57,
imagenes/2026-08,hf_20260830_120912_1db2a63f-a812-4292-ae52-8c42c8a52acb.png,image,2026-08-30 12:09,
imagenes/2026-08,hf_20260830_121403_6e51d1c1-26a0-4dff-afcb-09269beb3f56.png,image,2026-08-30 12:14,
imagenes/2026-08,hf_20260830_121505_218d8c4a-f095-4cfe-b212-58ed191260ef.png,image,2026-08-30 12:15,
imagenes/2026-08,hf_20260830_121747_69ea5ab1-bfb5-4c1f-93ca-9e9bfa09b993.png,image,2026-08-30 12:17,
imagenes/2026-08,hf_20260830_121954_7882f64b-b394-4792-b99a-a264bff0acfd.png,image,2026-08-30 12:19,
imagenes/2026-08,hf_20260830_122500_30344e54-18eb-49e3-9037-9206c8f512df.png,image,2026-08-30 12:25,
imagenes/2026-08,hf_20260830_122541_175895aa-233f-44b8-b064-d5660ef45d80.png,image,2026-08-30 12:25,
imagenes/2026-08,hf_20260830_122903_5af431b6-9998-49fc-8f0c-a3c361611cfd.png,image,2026-08-30 12:29,
imagenes/2026-08,hf_20260830_123312_858a0196-d28e-43ed-a225-0731484091c7.png,image,2026-08-30 12:33,
imagenes/2026-08,hf_20260830_123359_37fbb51f-5f91-4e42-af71-34aeafc0b0a9.png,image,2026-08-30 12:33,
imagenes/2026-08,hf_20260830_123646_ed28be6d-507b-4e59-807a-dda8bdc8236e.png,image,2026-08-30 12:36,
imagenes/2026-08,hf_20260830_124039_46ed847d-81f1-49e5-8ab1-e4838429f709.png,image,2026-08-30 12:40,
imagenes/2026-08,hf_20260830_125333_63584da8-18d3-4b4b-bafd-4b2f20578429.png,image,2026-08-30 12:53,
imagenes/2026-08,hf_20260830_125654_b228793c-7d68-4257-b18b-2acc348d0685.png,image,2026-08-30 12:56,
imagenes/2026-08,hf_20260830_125820_09ba8abc-3f18-4a84-9e85-bb41bc5c7e7e.png,image,2026-08-30 12:58,
imagenes/2026-08,hf_20260830_125948_601dc0cb-9c0a-4a4f-8642-7f36224cbc97.png,image,2026-08-30 12:59,
imagenes/2026-08,hf_20260830_130035_c0dea24e-c2d9-4925-849b-c9ad603086f6.png,image,2026-08-30 13:00,
imagenes/2026-08,hf_20260830_130208_793c9b23-7b06-47b1-aa16-4d09355dabb3.png,image,2026-08-30 13:02,
imagenes/2026-08,hf_20260830_130349_bbef884b-e331-4c19-a76c-fada4fbb098a.png,image,2026-08-30 13:03,
imagenes/2026-08,hf_20260830_130442_f169ca72-d31b-4a5a-8771-37c6a9955a19.png,image,2026-08-30 13:04,
imagenes/2026-08,hf_20260830_130552_2a0e928d-84be-439d-9bc0-03e4a71c2be6.png,image,2026-08-30 13:05,
imagenes/2026-08,hf_20260830_134636_4ef427b0-aecc-4e8b-bb8f-55e43d07a986.png,image,2026-08-30 13:46,
imagenes/2026-08,hf_20260830_135504_7779f32d-3af6-4956-a900-59a1a7ac28ad.png,image,2026-08-30 13:55,
imagenes/2026-08,hf_20260830_135615_a758c828-174a-422b-b0b4-19b26701b550.png,image,2026-08-30 13:56,
imagenes/2026-08,hf_20260830_141135_514f7ed3-f6e4-4c73-8c8b-9caac1a96445.png,image,2026-08-30 14:11,
imagenes/2026-08,hf_20260830_141304_ae4bfa44-af55-4934-b9ef-b66ae05cd55e.png,image,2026-08-30 14:13,
imagenes/2026-08,hf_20260830_144457_b1e03384-47f2-435c-b9b8-dcaed08f02cd.png,image,2026-08-30 14:44,
imagenes/2026-08,hf_20260830_152238_224fdc84-491e-4ffa-88a1-846f6ede4d0b.png,image,2026-08-30 15:22,
imagenes/2026-08,hf_20260830_152324_a595b8e1-355e-499b-85e2-0a5b607d4fc0.png,image,2026-08-30 15:23,
imagenes/2026-08,hf_20260830_152343_d9fee029-124d-4f3b-a5fd-0bf780eeac8d.png,image,2026-08-30 15:23,
imagenes/2026-08,hf_20260830_152351_7e9a6eb7-2883-46fc-90c8-6a50d1267976.png,image,2026-08-30 15:23,
imagenes/2026-08,hf_20260830_152444_4407e055-ec26-4cbf-bb12-77c6c3837433.png,image,2026-08-30 15:24,
imagenes/2026-08,hf_20260830_152519_ec0429b7-69d3-4d95-bbbd-b749d2cf87e3.png,image,2026-08-30 15:25,
imagenes/2026-08,hf_20260830_154436_5f34178a-dfdb-4174-864a-37ba87a377ab.png,image,2026-08-30 15:44,
imagenes/2026-08,hf_20260830_161031_5cdbf0f5-cac5-44f4-a945-56664bd43820.png,image,2026-08-30 16:10,
imagenes/2026-08,hf_20260830_161128_a621fd14-1c28-4b5c-b6e8-105f6dce6f23.png,image,2026-08-30 16:11,
imagenes/2026-08,hf_20260830_161211_6db26077-8ee9-4057-8bfc-97186f55da43.png,image,2026-08-30 16:12,
imagenes/2026-08,hf_20260830_162247_2be2793d-8c56-4af1-a2b6-6ecf3cce687e.png,image,2026-08-30 16:22,
imagenes/2026-08,hf_20260830_162318_c6080655-4ab4-493f-84a9-8c46ea3c38b3.png,image,2026-08-30 16:23,
imagenes/2026-08,hf_20260830_162337_270ddac6-a3d3-4845-974a-f3637fc55e22.png,image,2026-08-30 16:23,
imagenes/2026-08,hf_20260830_162405_dca770fc-9391-4a62-ae46-42e77f652527.png,image,2026-08-30 16:24,
imagenes/2026-08,hf_20260830_162453_f884d539-8854-4755-ac55-d7e80de5cefc.png,image,2026-08-30 16:24,
imagenes/2026-08,hf_20260830_162549_02650c4c-dd73-421a-be6a-9236d9fb5d5a.png,image,2026-08-30 16:25,
imagenes/2026-08,hf_20260830_162609_b43076ec-a4ed-4a8e-b5a1-8425ff701b07.png,image,2026-08-30 16:26,
imagenes/2026-08,hf_20260830_162645_3b520831-4c08-4745-a08b-1032476cf427.png,image,2026-08-30 16:26,
imagenes/2026-08,hf_20260830_162712_903a63db-e37a-476c-85fb-6636a11db3ba.png,image,2026-08-30 16:27,
imagenes/2026-08,hf_20260830_162759_15caaa82-81fb-4870-b5bc-3252574e90c4.png,image,2026-08-30 16:27,
imagenes/2026-08,hf_20260830_172732_42d54f12-267f-4663-abd3-695e1f84ec39.png,image,2026-08-30 17:27,
imagenes/2026-08,hf_20260830_204453_66756571-21cd-4c5c-b536-0ab06a8fbb23.png,image,2026-08-30 20:44,
imagenes/2026-08,hf_20260830_204643_d6a6db3f-519c-42c8-aede-8b116adc0234.png,image,2026-08-30 20:46,
imagenes/2026-08,hf_20260830_204845_5a382568-5d9d-4018-9476-0fceb77db27a.png,image,2026-08-30 20:48,
imagenes/2026-08,hf_20260830_205121_78dcc01e-e583-4e63-ab76-0e99c35fbbe7.png,image,2026-08-30 20:51,
imagenes/2026-08,hf_20260831_003236_41d671c1-7933-400e-a5d9-a00e54341242.png,image,2026-08-31 00:32,
imagenes/2026-09,hf_20260901_074631_68a704f6-dfb8-4a4e-9d7b-a723184ef90f.png,image,2026-09-01 07:46,
imagenes/2026-09,hf_20260901_074703_5cc433fb-397b-493c-bc95-8375e991a01f.png,image,2026-09-01 07:47,
imagenes/2026-09,hf_20260901_074833_1fb0a68d-85ac-4470-ae48-beff6da4d638.png,image,2026-09-01 07:48,
imagenes/2026-09,hf_20260901_074924_775794b6-fa5e-4c3c-bc7a-a2b4ff8ba464.png,image,2026-09-01 07:49,
imagenes/2026-09,hf_20260901_075202_e6eddb59-de98-4c7b-9df9-39e8d8fc37f7.png,image,2026-09-01 07:52,
imagenes/2026-09,hf_20260901_081020_07d081ad-c71f-476c-9e77-223227845fff.png,image,2026-09-01 08:10,
imagenes/2026-09,hf_20260901_081105_5ace3cb6-f812-41ba-839c-f54934a4d52e.png,image,2026-09-01 08:11,
imagenes/2026-09,hf_20260901_091121_15d1b001-3e67-4dbf-8ad9-703cccfa9ab9.png,image,2026-09-01 09:11,
imagenes/2026-09,hf_20260901_091217_8662e3b3-75e3-43a3-b0fd-2284d73cd124.png,image,2026-09-01 09:12,
imagenes/2026-09,hf_20260901_091345_4a8b533d-b524-44ed-a48f-2304445d2eb6.png,image,2026-09-01 09:13,
imagenes/2026-09,hf_20260902_013233_9da12c3b-32ba-48fe-aef1-58e4a009a5a9.png,image,2026-09-02 01:32,
imagenes/2026-09,hf_20260902_013532_c4f2ef6d-ad8e-4f95-9960-ed3512ca4eaa.png,image,2026-09-02 01:35,
imagenes/2026-09,hf_20260902_013820_22fa4b73-ddc8-4558-8234-2c870165ddb9.png,image,2026-09-02 01:38,
imagenes/2026-09,hf_20260902_013922_c66fe73f-6b0b-48be-a9c8-3bbdfa457a1b.png,image,2026-09-02 01:39,
imagenes/2026-09,hf_20260902_015126_f1eeded1-6c6e-41fa-aae1-3143b519f325.png,image,2026-09-02 01:51,
imagenes/2026-09,hf_20260902_015241_95ffaa1b-efd6-46e3-a38a-f52748d1c3f2.png,image,2026-09-02 01:52,
imagenes/2026-09,hf_20260902_015433_7b5cd5c7-97d2-4950-af9a-2d36e8553c8f.png,image,2026-09-02 01:54,
imagenes/2026-09,hf_20260902_015448_a1e79c7d-ad4f-434b-9333-fbf0b4fb2667.png,image,2026-09-02 01:54,
imagenes/2026-09,hf_20260902_015536_5823de16-2daf-4185-bc0b-9cd45291c212.png,image,2026-09-02 01:55,
imagenes/2026-09,hf_20260902_015621_33da2c56-1b07-4d7c-b732-ba1bca53dc41.png,image,2026-09-02 01:56,
imagenes/2026-09,hf_20260902_015659_c273096a-c12b-4ab6-9633-364ebca42e75.png,image,2026-09-02 01:56,
imagenes/2026-09,hf_20260902_015727_e480702f-98ad-4362-add3-a09784228789.png,image,2026-09-02 01:57,
imagenes/2026-09,hf_20260902_015755_3094b56b-a13b-4014-a009-549012ae5c98.png,image,2026-09-02 01:57,
imagenes/2026-09,hf_20260902_015816_2b8550e0-fb9a-44f0-af91-6bca3ff5b339.png,image,2026-09-02 01:58,
imagenes/2026-09,hf_20260902_015840_58533cf2-0c49-4180-a762-f103fea4f4f8.png,image,2026-09-02 01:58,
imagenes/2026-09,hf_20260902_015900_82d02569-4cf5-42ac-9acf-17dbed3877ab.png,image,2026-09-02 01:59,
imagenes/2026-09,hf_20260902_015927_122e2aaf-b109-4829-8086-cb6005d12ad4.png,image,2026-09-02 01:59,
imagenes/2026-09,hf_20260902_020409_42138c91-f1bc-4492-8b91-84a1168e5869.png,image,2026-09-02 02:04,
imagenes/2026-09,hf_20260902_020440_65dc0a9d-d406-4ac3-bd82-3dc31a8836f0.png,image,2026-09-02 02:04,
imagenes/2026-09,hf_20260902_020532_fec0f81f-74ce-44e0-a75d-8e24a062f5d7.png,image,2026-09-02 02:05,
imagenes/2026-09,hf_20260902_020629_ebd8313f-0b90-42a6-b372-63cf811b31c6.png,image,2026-09-02 02:06,
imagenes/2026-09,hf_20260902_021027_d684fed3-7e8c-434e-ab1a-d1c21ac8b29c.png,image,2026-09-02 02:10,
imagenes/2026-09,hf_20260902_021117_f73ba513-6001-4549-b9d1-99fb899a8e00.png,image,2026-09-02 02:11,
imagenes/2026-09,hf_20260902_021147_7fd31c0c-f70e-4507-a744-e7e28d30fef4.png,image,2026-09-02 02:11,
imagenes/2026-09,hf_20260902_021226_ff3f487d-4bd6-48d1-a201-ec20c2a486b7.png,image,2026-09-02 02:12,
imagenes/2026-09,hf_20260902_021300_20b12c12-31a4-4532-82ce-9160208f6fc5.png,image,2026-09-02 02:13,
imagenes/2026-09,hf_20260902_021331_4c08f605-4372-4143-b444-de24cd7df114.png,image,2026-09-02 02:13,
imagenes/2026-09,hf_20260902_021415_17d9a414-fcd0-4c8e-8099-0303952efe42.png,image,2026-09-02 02:14,
imagenes/2026-09,hf_20260902_021527_17dda82a-428f-46ae-9fe2-61c87db89c8b.png,image,2026-09-02 02:15,
imagenes/2026-09,hf_20260902_021630_6c8ffc0d-d327-49d5-9504-136ae23302ca.png,image,2026-09-02 02:16,
imagenes/2026-09,hf_20260902_021713_34aa037d-20c8-49fe-a829-06c2576f762e.png,image,2026-09-02 02:17,
imagenes/2026-09,hf_20260902_214533_721046f0-ba1e-476b-8298-e6b7c55ecbfc.png,image,2026-09-02 21:45,
imagenes/2026-09,hf_20260902_214618_c3be6c2f-ab51-4b75-99f0-23ec32d5da61.png,image,2026-09-02 21:46,
imagenes/2026-09,hf_20260902_215023_9e070190-014c-498a-a4f8-02e79816cfbb.png,image,2026-09-02 21:50,
imagenes/2026-09,hf_20260902_215146_43782556-7aa6-4aa2-a915-76ef535c576f.png,image,2026-09-02 21:51,
imagenes/2026-09,hf_20260902_215210_51846d8d-3ebe-4360-ab7c-418bf756f530.png,image,2026-09-02 21:52,
imagenes/2026-09,hf_20260902_222551_04568add-7c30-4a6c-898d-7d8412892825.png,image,2026-09-02 22:25,
imagenes/2026-09,hf_20260902_222621_9b302d13-856d-4122-a1f4-a3220a63e862.png,image,2026-09-02 22:26,
imagenes/2026-09,hf_20260902_222652_805e6246-03c6-4a4c-8096-dd021f28c3d9.png,image,2026-09-02 22:26,
imagenes/2026-09,hf_20260902_222717_82524d8c-426a-4216-a1f4-93ccbaaa52a3.png,image,2026-09-02 22:27,
imagenes/2026-09,hf_20260902_222757_f207c66c-bb56-4df2-9813-9e542b4413c9.png,image,2026-09-02 22:27,
imagenes/2026-09,hf_20260902_222830_5007a550-0747-43ee-9d61-ff8cac70fdde.png,image,2026-09-02 22:28,
imagenes/2026-09,hf_20260902_222918_4d69c182-a704-403d-a091-fbdc306d3474.png,image,2026-09-02 22:29,
imagenes/2026-09,hf_20260902_222953_d33db5ba-462b-41c9-8318-1a0e654c69b5.png,image,2026-09-02 22:29,
imagenes/2026-09,hf_20260902_223103_75b29889-3634-4326-a1fe-cfb11abf5067.png,image,2026-09-02 22:31,
imagenes/2026-09,hf_20260903_072851_9e3cb271-6fdf-4437-abe7-8498a1a698d2.png,image,2026-09-03 07:28,
imagenes/2026-09,hf_20260904_081221_a876c2f9-95ca-4189-bb1a-3f4b89125232.png,image,2026-09-04 08:12,
imagenes/2026-09,hf_20260904_081512_a3d711a2-0437-4c16-9b9c-7aa8254d06ea.png,image,2026-09-04 08:15,
imagenes/2026-09,hf_20260905_015720_b49675d2-6fb5-486f-b97f-732a829500c0.png,image,2026-09-05 01:57,
imagenes/2026-09,hf_20260905_015810_01ef162f-d5a6-4822-a774-a77e7f52af12.png,image,2026-09-05 01:58,
imagenes/2026-09,hf_20260905_020208_162592eb-7296-4453-bea5-b92d9dd7857c.png,image,2026-09-05 02:02,
imagenes/2026-09,hf_20260906_084216_ef60807f-2a64-4e56-9cd9-9c5ae710b482.png,image,2026-09-06 08:42,
imagenes/2026-09,hf_20260906_084832_8b870bc6-4200-4eec-a082-225c7ad6a953.png,image,2026-09-06 08:48,
imagenes/2026-09,hf_20260907_070512_3109c550-ce82-49a5-a37f-54d6d4ced3cd.png,image,2026-09-07 07:05,
imagenes/2026-09,hf_20260907_070611_0e3ceca1-fc69-487b-bb81-abf8c1add101.png,image,2026-09-07 07:06,
imagenes/2026-09,hf_20260907_070757_125a52ff-12b5-49d7-a752-6b1fbdd1c902.png,image,2026-09-07 07:07,
imagenes/2026-09,hf_20260907_071308_2a6f6ae1-b640-4058-a223-b7914f415045.png,image,2026-09-07 07:13,
imagenes/2026-09,hf_20260907_073054_bb53ac1b-d60a-4b5f-8f6f-dc18ecc6c278.png,image,2026-09-07 07:30,
imagenes/2026-09,hf_20260907_182504_fb072674-76b8-487b-8a15-ab9fa4d7e1bd.png,image,2026-09-07 18:25,orb-hall-with-orb
imagenes/2026-09,hf_20260907_215133_721fc7a1-139f-4f9e-975b-d3711552adc0.png,image,2026-09-07 21:51,
imagenes/2026-09,hf_20260907_215857_486ea524-135a-42da-b87c-a604daf0403c.png,image,2026-09-07 21:58,
videos/2026-08,hf_20260830_181956_b3dd6bb2-4c49-4e59-957a-ecaf0be88ab0.mp4,video,2026-08-30 18:19,"loc_luzagua-park,gix,stella-cloths,prop_mecha"
videos/2026-08,hf_20260830_183512_bca2d2f5-4988-4d70-85b9-13bc0569db26.mp4,video,2026-08-30 18:35,"loc_luzagua-park,gix,stella-cloths,prop_mecha"
videos/2026-08,hf_20260830_184323_8db8b132-65a8-4b46-9699-dc5ec1afdd91.mp4,video,2026-08-30 18:43,"loc_luzagua-park,gix,stella-cloths,prop_mecha"
videos/2026-08,hf_20260830_184904_8a8b01dd-c106-41f3-892d-acb7568785c8.mp4,video,2026-08-30 18:49,"loc_luzagua-park,gix,stella-cloths,prop_mecha"
videos/2026-08,hf_20260830_185409_b0f7a297-58b8-42d8-9dd6-51506ce6527d.mp4,video,2026-08-30 18:54,"loc_luzagua-park,gix,stella-cloths,prop_mecha"
videos/2026-08,hf_20260830_185938_88226c36-62e8-4901-8106-a24f0c9eab49.mp4,video,2026-08-30 18:59,"loc_luzagua-park,vera-luzagua-park"
videos/2026-08,hf_20260830_190636_1f3ecc74-b0b7-41b5-a44d-991036c29de9.mp4,video,2026-08-30 19:06,"loc_luzagua-park,gix,stella-cloths,prop_mecha"
videos/2026-08,hf_20260830_191805_356284d4-7879-4c7a-a371-7b4b86766ce8.mp4,video,2026-08-30 19:18,"loc_luzagua-park,selka-baby,vera-luzagua-park"
videos/2026-08,hf_20260830_192842_8fc85c19-623c-46ed-9d14-1236c74ffe89.mp4,video,2026-08-30 19:28,"loc_luzagua-park,selka-baby,vera-luzagua-park"
videos/2026-08,hf_20260830_193533_e88d689b-db76-4213-8e37-bf164d4f5cac.mp4,video,2026-08-30 19:35,"loc_luzagua-park,vera-luzagua-park"
videos/2026-08,hf_20260830_195548_979eae21-76ae-4e41-a2d3-7f5bf86d11b6.mp4,video,2026-08-30 19:55,"loc_luzagua-park,gix,stella-cloths,prop_mecha"
videos/2026-08,hf_20260830_195850_6f42b0a7-9766-41db-8c39-b0a438785026.mp4,video,2026-08-30 19:58,"loc_luzagua-park,selka-baby,vera-luzagua-park"
videos/2026-08,hf_20260830_195946_ea2fa9bf-fe46-4c91-a58b-b1287a123f22.mp4,video,2026-08-30 19:59,"loc_luzagua-park,stella-cloths,selka-baby,vera-luzagua-park"
videos/2026-08,hf_20260830_201651_e761446c-b2b3-4f2a-af59-1b3af5a95137.mp4,video,2026-08-30 20:16,"loc_luzagua-park,gix,stella-cloths,prop_mecha"
videos/2026-08,hf_20260830_205943_5ce6d917-8b53-411a-90ce-d204b32ac3c9.mp4,video,2026-08-30 20:59,"prop_stella-bracelet,loc_luzagua-park,gix,stella-cloths"
videos/2026-08,hf_20260830_213330_8158ff3e-45cc-4109-8c99-4fd43fbc6888.mp4,video,2026-08-30 21:33,"loc_luzagua-park,gix,stella-cloths"
videos/2026-08,hf_20260830_213552_b5429e4c-f1f4-4f6b-a714-992bf72be0a5.mp4,video,2026-08-30 21:35,"loc_luzagua-park,selka-baby,vera-luzagua-park"
videos/2026-08,hf_20260830_232311_6a43e940-8b83-4d62-80cc-c2275f943230.mp4,video,2026-08-30 23:23,"prop_stella-bracelet,loc_luzagua-park,gix,stella-cloths"
videos/2026-08,hf_20260830_232616_386fce87-d74a-4eb1-8a9c-23e2025fa124.mp4,video,2026-08-30 23:26,"loc_luzagua-park,stella-cloths,selka-baby,vera-luzagua-park"
videos/2026-08,hf_20260830_232734_155fa67e-d0b4-443d-a1c0-3d44abafcf90.mp4,video,2026-08-30 23:27,"loc_luzagua-park,gix,stella-cloths,selka-baby,vera-luzagua-park"
videos/2026-08,hf_20260830_233144_c83b6103-28e7-4091-9c64-0fa184012de1.mp4,video,2026-08-30 23:31,"loc_luzagua-park,gix,stella-cloths,vera-luzagua-park,prop_mecha"
videos/2026-08,hf_20260830_233759_7b64e4ca-f9fe-4266-8cb2-641a7c4a19a2.mp4,video,2026-08-30 23:37,"loc_luzagua-park,stella-cloths,selka-baby,vera-luzagua-park"
videos/2026-08,hf_20260830_233908_15aeecfd-ac24-4b59-bb10-06460c78ddd2.mp4,video,2026-08-30 23:39,"loc_luzagua-park,stella-cloths,vera-luzagua-park"
videos/2026-08,hf_20260830_234017_9e3e2f3f-c20c-4675-a1f2-8e9ebca9e5c7.mp4,video,2026-08-30 23:40,"loc_luzagua-park,stella-cloths,vera-luzagua-park"
videos/2026-08,hf_20260830_235358_72195a25-2924-4a27-a80c-680849ab5619.mp4,video,2026-08-30 23:53,"loc_luzagua-park,gix,stella-cloths,selka-baby,vera-luzagua-park"
videos/2026-08,hf_20260830_235506_3b5f0761-c5e5-444e-be6e-cc527312e77b.mp4,video,2026-08-30 23:55,"loc_luzagua-park,gix,stella-cloths,vera-luzagua-park,prop_mecha"
videos/2026-08,hf_20260831_004412_29199436-b2a6-4220-84d8-54bebf1710c8.mp4,video,2026-08-31 00:44,"prop_stella-bracelet,loc_luzagua-park,stella-cloths,vera-luzagua-park,gix"
videos/2026-08,hf_20260831_005601_68310583-cb6b-40e5-b050-2d39c7a30166.mp4,video,2026-08-31 00:56,"loc_luzagua-park,stella-cloths,selka-baby,vera-luzagua-park"
videos/2026-08,hf_20260831_005926_b1849d1f-1889-4eb8-9587-e68992717481.mp4,video,2026-08-31 00:59,"prop_stella-bracelet,loc_luzagua-park,stella-cloths,selka-baby,vera-luzagua-park,gix"
videos/2026-08,hf_20260831_010339_193edddf-4dd2-46ba-844e-d8e82bafa9d0.mp4,video,2026-08-31 01:03,"loc_luzagua-park,stella-cloths,selka-baby,vera-luzagua-park,prop_mecha"
videos/2026-08,hf_20260831_010958_21a2a620-9964-4ca9-8b0f-10488d6c2f90.mp4,video,2026-08-31 01:09,"loc_luzagua-park,stella-cloths,selka-baby,vera-luzagua-park"
videos/2026-08,hf_20260831_011452_c0256d91-8091-4847-aa01-cc5911b0aba4.mp4,video,2026-08-31 01:14,"loc_luzagua-park,stella-cloths,selka-baby,vera-luzagua-park"
videos/2026-08,hf_20260831_011552_be023046-35c7-426a-9ba5-0a8f96502934.mp4,video,2026-08-31 01:15,"loc_luzagua-park,stella-cloths,selka-baby,vera-luzagua-park"
videos/2026-08,hf_20260831_011713_07ecaecd-ec96-43b5-a7ed-20e1b297802e.mp4,video,2026-08-31 01:17,"prop_stella-bracelet,loc_luzagua-park,stella-cloths,selka-baby,vera-luzagua-park,gix"
videos/2026-08,hf_20260831_011846_9075e3f4-2caf-4d46-93a9-2f48e59ae94d.mp4,video,2026-08-31 01:18,"loc_luzagua-park,stella-cloths,selka-baby,vera-luzagua-park,gix"
videos/2026-09,hf_20260901_052038_36161923-0e16-4948-96a9-7e1b6872bd99.mp4,video,2026-09-01 05:20,"loc_luzagua-park,stella-cloths,selka-baby,vera-luzagua-park,gix"
videos/2026-09,hf_20260901_052140_52af96fc-7fef-4bde-9279-d73568c91c58.mp4,video,2026-09-01 05:21,"prop_stella-bracelet,loc_luzagua-park,stella-cloths,selka-baby,vera-luzagua-park,gix"
videos/2026-09,hf_20260901_052207_fbf2135f-7f1e-4efa-abb2-27027cd37195.mp4,video,2026-09-01 05:22,"loc_luzagua-park,stella-cloths,selka-baby,vera-luzagua-park"
videos/2026-09,hf_20260901_060325_e02535cf-2598-4705-be8c-1c759cfb2c6d.mp4,video,2026-09-01 06:03,"loc_luzagua-park,stella-cloths,selka-baby,vera-luzagua-park,gix"
videos/2026-09,hf_20260901_063425_c81f67e9-6ef8-4fc7-bf90-d8969958d74e.mp4,video,2026-09-01 06:34,"loc_luzagua-park,stella-cloths,selka-baby,vera-luzagua-park,gix"
videos/2026-09,hf_20260901_064333_438867b4-5e1d-43f4-b41d-619ef9968fd1.mp4,video,2026-09-01 06:43,"loc_luzagua-park,stella-cloths,selka-baby,vera-luzagua-park,gix"
videos/2026-09,hf_20260901_102839_c9bd796c-708d-4145-81eb-4c9d22a86ac1.mp4,video,2026-09-01 10:28,"ship-2,planet-flating-waterfalls,ship-stella,ship-1,prop_ship-3,char_lucy,carl,char_noah,char_char_stella-adult-armor"
videos/2026-09,hf_20260901_103549_273997a7-19e0-42da-8e3a-5baf1394eb07.mp4,video,2026-09-01 10:35,"ship-2,vosk,ship-stella,nima,ship-1,prop_ship-3,brogu,plantet-of-prisms,char_char_stella-adult-armor"
videos/2026-09,hf_20260901_105108_83fc5b12-5e00-420a-8cd0-6815a7a85328.mp4,video,2026-09-01 10:51,"ship-2,planet-flating-waterfalls,ship-stella,ship-1,prop_ship-3,char_lucy,carl,char_noah,char_char_stella-adult-armor"
videos/2026-09,hf_20260901_111221_e08769cb-c8a9-4aa6-a573-9692a927fbb5.mp4,video,2026-09-01 11:12,"ship-2,vosk,ship-stella,nima,ship-1,prop_ship-3,brogu,plantet-of-prisms,char_char_stella-adult-armor"
videos/2026-09,hf_20260901_112826_976c64cb-189e-4167-9247-a537cffc8953.mp4,video,2026-09-01 11:28,"ship-2,char_gara,ship-stella,boro,ship-1,planet-of-permanent-eclipse,prop_ship-3,hessa,ship-5,char_char_stella-adult-armor,enko"
videos/2026-09,hf_20260901_113022_e682c61e-f983-4485-b8d5-eef3b2d1cf23.mp4,video,2026-09-01 11:30,"ship-2,vosk,ship-stella,boro,planet-boreal-dunes,ship-1,hessa,ship-5,char_char_stella-adult-armor"
videos/2026-09,hf_20260901_113628_4e9427be-8c2b-418b-a9ab-d8e2722cb4dd.mp4,video,2026-09-01 11:36,"ship-2,vosk,ship-stella,ship-1,planet-of-rose-diamont-forest,prop_ship-3,brogu,char_char_stella-adult-armor,enko"
videos/2026-09,hf_20260901_113904_3a92ffa3-6390-4236-a47a-589816f493ca.mp4,video,2026-09-01 11:39,"ship-2,ship-stella,ship-1,prop_ship-3,char_lucy,carl,char_noah,planet-of-comets-sky,char_char_stella-adult-armor"
videos/2026-09,hf_20260901_114951_9ac7cb6f-385a-4735-9344-a990a08fe9f4.mp4,video,2026-09-01 11:49,"ship-2,char_gara,ship-stella,nima,prop_ship-3,hessa,ship-5,planet-suspended-lakes,char_char_stella-adult-armor"
videos/2026-09,hf_20260901_114952_4a39b48c-c658-498c-9129-579fe56a5237.mp4,video,2026-09-01 11:49,"ship-2,char_gara,ship-stella,nima,prop_ship-3,hessa,ship-5,planet-suspended-lakes,char_char_stella-adult-armor"
videos/2026-09,hf_20260901_115736_48e5159d-9949-4882-aadb-015146c2f0f8.mp4,video,2026-09-01 11:57,"ship-2,char_gara,ship-stella,nima,ship-1,prop_ship-3,loc_planet-of-plating-mini-islands,hessa,brogu,platet-of-giant-roots,ship-5,char_char_stella-adult-armor,enko"
videos/2026-09,hf_20260901_120609_8b7dc5fc-a4e6-4e24-a910-7d1fd5342087.mp4,video,2026-09-01 12:06,"char_gara,boro,planet-of-permanent-eclipse,hessa,char_char_stella-adult-armor,enko"
videos/2026-09,hf_20260901_180024_92d04ccb-5ddc-4583-b359-7318bb563385.mp4,video,2026-09-01 18:00,"planet-flating-waterfalls,char_lucy,carl,char_noah,char_char_stella-adult-armor"
videos/2026-09,hf_20260901_183841_1d977bb2-3747-422d-ae92-00ee3ec49623.mp4,video,2026-09-01 18:38,"ship-2,vosk,ship-stella,nima,ship-1,prop_ship-3,brogu,plantet-of-prisms,char_char_stella-adult-armor"
videos/2026-09,hf_20260901_184426_e6f07fa9-27e6-4597-a9b5-c2c31f9a117f.mp4,video,2026-09-01 18:44,"ship-stella,nima,ship-1,prop_ship-3,hessa,brogu,platet-of-giant-roots,ship-5,char_char_stella-adult-armor"
videos/2026-09,hf_20260901_184653_cc2a8dc2-9271-4f2c-b2d4-bc1dd59742e3.mp4,video,2026-09-01 18:46,"ship-2,ship-stella,ship-1,prop_ship-3,char_lucy,carl,char_noah,planet-of-comets-sky,char_char_stella-adult-armor"
videos/2026-09,hf_20260901_185250_471d60dc-64f4-4677-be63-1d5cf4eaaac7.mp4,video,2026-09-01 18:52,"vosk,boro,planet-boreal-dunes,hessa,char_char_stella-adult-armor"
videos/2026-09,hf_20260901_185759_2bfc4227-4490-4e78-b705-4491b7290dde.mp4,video,2026-09-01 18:57,"vosk,nima,brogu,plantet-of-prisms,char_char_stella-adult-armor"
videos/2026-09,hf_20260901_194219_400db863-b03a-4a08-a3d7-b47b08e4a65c.mp4,video,2026-09-01 19:42,"char_gara,loc_planet-of-plating-mini-islands,brogu,char_char_stella-adult-armor,enko"
videos/2026-09,hf_20260901_195650_6bd03940-426b-4072-9e50-b814fd75e023.mp4,video,2026-09-01 19:56,"char_gara,nima,hessa,planet-suspended-lakes,char_char_stella-adult-armor"
videos/2026-09,hf_20260901_195711_348ee140-a6f5-44b6-95c9-a860989ff064.mp4,video,2026-09-01 19:57,"vosk,planet-of-rose-diamont-forest,brogu,char_char_stella-adult-armor,enko"
videos/2026-09,hf_20260901_210914_178d2e84-9ce4-409f-936c-8e3bae8f0c49.mp4,video,2026-09-01 21:09,"vosk,nima,brogu,plantet-of-prisms,char_char_stella-adult-armor"
videos/2026-09,hf_20260901_211245_2ac9fb70-18d3-4915-b9a2-fea5231d2dd4.mp4,video,2026-09-01 21:12,"nima,hessa,brogu,platet-of-giant-roots,char_char_stella-adult-armor"
videos/2026-09,hf_20260901_211309_1884bc7f-c0c7-4f7a-b212-0dc6a8f97dfb.mp4,video,2026-09-01 21:13,"ship-stella,char_lucy,carl,char_noah,planet-of-comets-sky,char_char_stella-adult-armor"
videos/2026-09,hf_20260901_212631_949f4df3-5533-4f40-b41f-99b9594507c0.mp4,video,2026-09-01 21:26,"vosk,planet-of-rose-diamont-forest,brogu,char_char_stella-adult-armor,enko"
videos/2026-09,hf_20260902_023446_503bd68c-110c-478c-b6e3-4d201e467d30.mp4,video,2026-09-02 02:34,
videos/2026-09,hf_20260902_234422_dc51f4da-9fac-4490-a9c4-c63c69a538a2.mp4,video,2026-09-02 23:44,"loc_erdia-square-destroyed,char_gara,vosk,nima,hessa,char_lucy,brogu,carl,char_noah,enko"
videos/2026-09,hf_20260903_080256_23233150-1b53-4c10-99d8-a7e677c51c6a.mp4,video,2026-09-03 08:02,"loc_erdia-square-destroyed,robot-s1g1,nima-attack-character,char_gara,robot-c84,rebel-people,vosk,rebel-old-man,robot-giant-demoledor,ship-enemy-erdia,nima-attack-skills,hessa,char_lucy,stella-theron-armor-hoodie,hessa-attack-defense-skills,brogu,robot-g45,rebel-woman,carl,char_noah,prop_bros-attack-skill,enko"
videos/2026-09,hf_20260903_083208_90c4d503-ab15-4ce9-bf64-fa984b04e036.mp4,video,2026-09-03 08:32,"loc_erdia-square-destroyed,lucy-fighting,nima-attack-character,char_gara,robot-c84,rebel-people,vosk,rebel-old-man,boro,robot-giant-demoledor,noah-fighting,ship-enemy-erdia,nima-attack-skills,carl-fighting,stella-theron-armor-hoodie,brogu,robot-g45,rebel-woman,vosk-attack-deffence-skills,prop_bros-attack-skill,enko"
videos/2026-09,hf_20260903_091435_162cfd51-a01e-4ef6-9268-9f35fb24a897.mp4,video,2026-09-03 09:14,"loc_erdia-square-destroyed,lucy-fighting,robot-s1g1,nima-attack-character,char_gara,robot-c84,rebel-people,vosk,rebel-old-man,boro,robot-giant-demoledor,noah-fighting,ship-enemy-erdia,nima-attack-skills,carl-fighting,stella-theron-armor-hoodie,brogu,robot-cyplop-s1s2,robot-g45,rebel-woman,vosk-attack-deffence-skills,prop_bros-attack-skill,enko"
videos/2026-09,hf_20260903_091608_ce999b99-a54e-4a2e-8998-e93e720a8643.mp4,video,2026-09-03 09:16,"loc_erdia-square-destroyed,lucy-fighting,robot-s1g1,nima-attack-character,char_gara,robot-c84,rebel-people,vosk,rebel-old-man,boro,robot-giant-demoledor,noah-fighting,ship-enemy-erdia,nima-attack-skills,carl-fighting,hessa,boro-atack-deffense-skills,stella-theron-armor-hoodie,hessa-attack-defense-skills,brogu,robot-cyplop-s1s2,robot-g45,rebel-woman,prop_bros-attack-skill,enko"
videos/2026-09,hf_20260903_092401_98e80abb-5c4d-49d6-a85c-6e373907e5ed.mp4,video,2026-09-03 09:24,"loc_erdia-square-destroyed,lucy-fighting,robot-s1g1,nima-attack-character,char_gara,robot-c84,rebel-people,vosk,rebel-old-man,boro,robot-giant-demoledor,noah-fighting,ship-enemy-erdia,nima-attack-skills,carl-fighting,hessa,stella-theron-armor-hoodie,brogu,robot-cyclop-s1s2,robot-g45,rebel-woman,vosk-attack-deffence-skills,prop_bros-attack-skill,enko"
videos/2026-09,hf_20260903_092509_4d73b06c-a936-4132-bfd3-3b7d12ba261e.mp4,video,2026-09-03 09:25,"lucy-fighting,robot-s1g1,nima-attack-character,robot-c84,rebel-people,loc_facade,rebel-old-man,robot-giant-demoledor,noah-fighting,ship-enemy-erdia,carl-fighting,stella-dash-skill,stella-adult-attack-skills,stella-theron-armor-hoodie,robot-cyclop-s1s2,robot-g45,rebel-woman"
videos/2026-09,hf_20260903_171856_7a5f7d9a-3c6f-444e-9dd7-1a21e69b8cbe.mp4,video,2026-09-03 17:18,"loc_erdia-square-destroyed,robot-s1g1,char_gara,robot-c84,rebel-people,vosk,rebel-old-man,robot-giant-demoledor,brogu,robot-cyclop-s1s2,robot-g45,rebel-woman,enko"
videos/2026-09,hf_20260903_174511_80df2aac-5c3c-4caf-8af1-8d72430cafc9.mp4,video,2026-09-03 17:45,"loc_erdia-square-destroyed,robot-s1g1,char_gara,robot-c84,rebel-people,vosk,rebel-old-man,robot-giant-demoledor,brogu,robot-cyclop-s1s2,robot-g45,rebel-woman,enko"
videos/2026-09,hf_20260903_174902_46971c21-26c9-486a-8398-fd01928b271f.mp4,video,2026-09-03 17:49,"loc_erdia-square-destroyed,robot-s1g1,char_gara,robot-c84,rebel-people,vosk,rebel-old-man,robot-giant-demoledor,stella-theron-armor-hoodie,brogu,robot-cyclop-s1s2,robot-g45,rebel-woman,enko"
videos/2026-09,hf_20260903_180402_eeb43af9-aa45-41be-ae3b-91283bbc0229.mp4,video,2026-09-03 18:04,"loc_erdia-square-destroyed,robot-s1g1,char_gara,robot-c84,rebel-people,vosk,rebel-old-man,robot-giant-demoledor,stella-theron-armor-hoodie,brogu,robot-cyclop-s1s2,robot-g45,rebel-woman,prop_bros-attack-skill,enko"
videos/2026-09,hf_20260903_181121_b84bee0c-3cb8-4155-b402-fad32b6acfb9.mp4,video,2026-09-03 18:11,"loc_erdia-square-destroyed,robot-s1g1,robot-c84,rebel-people,vosk,rebel-old-man,robot-giant-demoledor,robot-cyclop-s1s2,robot-g45,rebel-woman,vosk-attack-deffence-skills"
videos/2026-09,hf_20260903_181744_eb4e349a-0cef-40f8-9a81-3253fcd274e3.mp4,video,2026-09-03 18:17,"loc_erdia-square-destroyed,robot-s1g1,robot-c84,robot-giant-demoledor,stella-theron-armor-hoodie,brogu,robot-cyclop-s1s2,robot-g45,prop_bros-attack-skill"
videos/2026-09,hf_20260903_182813_ae49b500-3274-4488-a00c-56c22c1e55f9.mp4,video,2026-09-03 18:28,"loc_erdia-square-destroyed,robot-s1g1,robot-c84,robot-giant-demoledor,stella-theron-armor-hoodie,brogu,robot-cyclop-s1s2,robot-g45,prop_bros-attack-skill"
videos/2026-09,hf_20260903_183700_3104e905-add1-4451-abc4-8fe277712d8e.mp4,video,2026-09-03 18:37,"loc_erdia-square-destroyed,robot-s1g1,robot-c84,rebel-people,vosk,rebel-old-man,robot-giant-demoledor,robot-cyclop-s1s2,robot-g45,rebel-woman,vosk-attack-deffence-skills"
videos/2026-09,hf_20260903_190011_020465b0-3669-4578-a0ba-2910b0da1981.mp4,video,2026-09-03 19:00,"loc_erdia-square-destroyed,robot-s1g1,robot-c84,rebel-people,vosk,rebel-old-man,robot-giant-demoledor,robot-cyclop-s1s2,robot-g45,rebel-woman,vosk-attack-deffence-skills"
videos/2026-09,hf_20260903_191404_b2579238-d2bc-4ae9-9bda-569f23f4e557.mp4,video,2026-09-03 19:14,"loc_erdia-square-destroyed,nima-attack-character,robot-c84,ship-enemy-erdia,nima-attack-skills,stella-theron-armor-hoodie"
videos/2026-09,hf_20260903_192245_b9f3023f-ed8e-4470-a688-8ab60aee1971.mp4,video,2026-09-03 19:22,"loc_erdia-square-destroyed,robot-s1g1,robot-c84,rebel-people,vosk,rebel-old-man,robot-giant-demoledor,robot-cyclop-s1s2,robot-g45,rebel-woman,vosk-attack-deffence-skills"
videos/2026-09,hf_20260903_192917_dfce797d-b3e3-46f2-8214-bf1d7ded6d2b.mp4,video,2026-09-03 19:29,"loc_erdia-square-destroyed,nima-attack-character,ship-enemy-erdia,nima-attack-skills,stella-theron-armor-hoodie,robot-g45"
videos/2026-09,hf_20260903_193156_3b660475-596d-4a63-857b-a803ca7493e4.mp4,video,2026-09-03 19:31,"loc_erdia-square-destroyed,robot-s1g1,robot-c84,vosk,robot-giant-demoledor,robot-cyclop-s1s2,robot-g45,vosk-attack-deffence-skills"
videos/2026-09,hf_20260903_195153_718f9014-6323-4bd8-b7a1-cf4942092f6b.mp4,video,2026-09-03 19:51,"loc_erdia-square-destroyed,rebel-people,vosk,rebel-old-man,robot-giant-demoledor,rebel-woman,vosk-attack-deffence-skills"
videos/2026-09,hf_20260903_195843_4a5076bf-c930-40a3-956c-eb5fed8cb08f.mp4,video,2026-09-03 19:58,"loc_erdia-square-destroyed,robot-s1g1,nima-attack-character,robot-c84,rebel-people,rebel-old-man,robot-giant-demoledor,ship-enemy-erdia,nima-attack-skills,stella-theron-armor-hoodie,robot-cyclop-s1s2,robot-g45,rebel-woman"
videos/2026-09,hf_20260903_195918_b75ee4ff-892d-4990-a1b3-e83d22b11033.mp4,video,2026-09-03 19:59,"loc_erdia-square-destroyed,rebel-people,vosk,robot-giant-demoledor,vosk-attack-deffence-skills"
videos/2026-09,hf_20260903_200515_5b0612aa-952d-4764-a335-31c9c23e8828.mp4,video,2026-09-03 20:05,"loc_erdia-square-destroyed,rebel-people,vosk,robot-giant-demoledor,vosk-attack-deffence-skills"
videos/2026-09,hf_20260904_031527_657569bf-0807-40ce-95a5-fc3e6ca77a74.mp4,video,2026-09-04 03:15,"loc_erdia-square-destroyed,robot-s1g1,robot-c84,rebel-people,vosk,rebel-old-man,robot-giant-demoledor,robot-cyclop-s1s2,robot-g45,rebel-woman,vosk-attack-deffence-skills"
videos/2026-09,hf_20260904_032832_1899a1a5-f730-4b84-96d0-9a2aa7f6ad62.mp4,video,2026-09-04 03:28,"loc_erdia-square-destroyed,robot-s1g1,robot-c84,rebel-people,vosk,rebel-old-man,robot-giant-demoledor,robot-cyclop-s1s2,robot-g45,rebel-woman,vosk-attack-deffence-skills"
videos/2026-09,hf_20260904_033528_3c992a49-76c4-41f2-9a02-ce436a7dd8da.mp4,video,2026-09-04 03:35,"loc_erdia-square-destroyed,robot-s1g1,robot-c84,rebel-people,vosk,rebel-old-man,robot-giant-demoledor,robot-cyclop-s1s2,robot-g45,rebel-woman,vosk-attack-deffence-skills"
videos/2026-09,hf_20260904_035856_d0eb45fb-641c-49b7-b782-564af00cb363.mp4,video,2026-09-04 03:58,"loc_erdia-square-destroyed,lucy-fighting,robot-s1g1,char_gara,robot-c84,rebel-people,rebel-old-man,boro,robot-giant-demoledor,noah-fighting,carl-fighting,boro-atack-deffense-skills,gara-enko-attack-defense-skills,robot-cyclop-s1s2,robot-g45,rebel-woman,enko"
videos/2026-09,hf_20260904_041916_0bd567c1-1d12-45a8-8c8d-4e23d2c84012.mp4,video,2026-09-04 04:19,"loc_erdia-square-destroyed,robot-s1g1,char_gara,robot-c84,rebel-people,rebel-old-man,boro,robot-giant-demoledor,boro-atack-deffense-skills,gara-enko-attack-defense-skills,robot-cyclop-s1s2,robot-g45,rebel-woman,enko"
videos/2026-09,hf_20260904_042322_1cfa471c-1efb-454e-83cc-ed1ad81e0a0a.mp4,video,2026-09-04 04:23,"loc_erdia-square-destroyed,robot-s1g1,nima-attack-character,char_gara,robot-c84,rebel-people,vosk,rebel-old-man,boro,robot-giant-demoledor,nima-attack-skills,hessa,boro-atack-deffense-skills,gara-enko-attack-defense-skills,hessa-attack-defense-skills,brogu,robot-cyclop-s1s2,robot-g45,rebel-woman,vosk-attack-deffence-skills,prop_bros-attack-skill,enko"
videos/2026-09,hf_20260904_043554_a2db7915-6882-4f03-a49b-2030f141ab86.mp4,video,2026-09-04 04:35,"loc_erdia-square-destroyed,robot-s1g1,char_gara,robot-c84,rebel-people,rebel-old-man,boro,robot-giant-demoledor,boro-atack-deffense-skills,gara-enko-attack-defense-skills,robot-cyclop-s1s2,robot-g45,rebel-woman,enko"
videos/2026-09,hf_20260904_045411_85df06d1-30fc-4b3f-99dc-d0afd17abdb3.mp4,video,2026-09-04 04:54,"loc_erdia-square-destroyed,robot-s1g1,char_gara,robot-c84,rebel-people,rebel-old-man,boro,robot-giant-demoledor,boro-atack-deffense-skills,gara-enko-attack-defense-skills,robot-cyclop-s1s2,robot-g45,rebel-woman,enko"
videos/2026-09,hf_20260904_050839_e6a9f9e3-4b81-42d2-9a60-dc89e3245cbb.mp4,video,2026-09-04 05:08,"loc_erdia-square-destroyed,robot-s1g1,robot-c84,rebel-people,rebel-old-man,robot-giant-demoledor,brogu,robot-cyclop-s1s2,robot-g45,rebel-woman"
videos/2026-09,hf_20260904_063653_4aedda52-56c0-43d4-924a-8881148d60c4.mp4,video,2026-09-04 06:36,"loc_erdia-square-destroyed,robot-s1g1,nima-attack-character,char_gara,robot-c84,rebel-people,vosk,rebel-old-man,boro,robot-giant-demoledor,ship-enemy-erdia,nima-attack-skills,hessa,boro-atack-deffense-skills,stella-theron-armor-hoodie,gara-enko-attack-defense-skills,hessa-attack-defense-skills,brogu,robot-cyclop-s1s2,robot-g45,rebel-woman,vosk-attack-deffence-skills,prop_bros-attack-skill,enko"
videos/2026-09,hf_20260904_073224_00816d70-337f-44ca-967c-7005362778b2.mp4,video,2026-09-04 07:32,"loc_erdia-square-destroyed,korin-2,char_lessa,robot-s1g1,robot-c84,rebel-people,rebel-old-man,robot-giant-demoledor,char_rebel-fighter,hessa,hessa-attack-defense-skills,robot-cyclop-s1s2,robot-g45,rebel-woman"
videos/2026-09,hf_20260904_073855_23e7501d-4738-4468-a82f-df3f7eff2ae1.mp4,video,2026-09-04 07:38,"loc_erdia-square-destroyed,korin-2,char_lessa,robot-s1g1,robot-c84,rebel-people,rebel-old-man,boro,robot-giant-demoledor,char_rebel-fighter,boro-atack-deffense-skills,robot-cyclop-s1s2,robot-g45,rebel-woman"
videos/2026-09,hf_20260904_074743_a6345677-6fc5-4937-ba61-cfcec542826e.mp4,video,2026-09-04 07:47,"loc_erdia-square-destroyed,korin-2,char_lessa,robot-s1g1,robot-c84,rebel-people,rebel-old-man,robot-giant-demoledor,char_rebel-fighter,hessa,hessa-attack-defense-skills,robot-cyclop-s1s2,robot-g45,rebel-woman"
videos/2026-09,hf_20260904_082228_5bf52336-4ec1-40f5-9965-17d8e1017058.mp4,video,2026-09-04 08:22,"loc_erdia-square-destroyed,korin-2,char_lessa,robot-s1g1,robot-c84,rebel-people,rebel-old-man,robot-giant-demoledor,char_rebel-fighter,hessa,hessa-attack-defense-skills,robot-cyclop-s1s2,robot-g45,rebel-woman"
videos/2026-09,hf_20260904_082343_20f8c401-b4ae-412d-bbb2-334be280dccb.mp4,video,2026-09-04 08:23,"loc_erdia-square-destroyed,korin-2,char_lessa,robot-s1g1,robot-c84,rebel-people,rebel-old-man,boro,robot-giant-demoledor,char_rebel-fighter,boro-atack-deffense-skills,robot-cyclop-s1s2,robot-g45,rebel-woman"
videos/2026-09,hf_20260904_085656_f124e3f7-18d0-4a4f-b15a-0843ca390942.mp4,video,2026-09-04 08:56,"loc_erdia-square-destroyed,korin-2,char_lessa,robot-s1g1,robot-c84,rebel-people,rebel-old-man,boro,robot-giant-demoledor,char_rebel-fighter,boro-atack-deffense-skills,robot-cyclop-s1s2,robot-g45,rebel-woman"
videos/2026-09,hf_20260904_090854_3d397521-1265-4c7f-a617-13ccf5631ce8.mp4,video,2026-09-04 09:08,"loc_erdia-square-destroyed,korin-2,char_lessa,robot-s1g1,robot-c84,rebel-people,rebel-old-man,robot-giant-demoledor,char_rebel-fighter,stella-theron-armor-hoodie,robot-cyclop-s1s2,robot-g45,rebel-woman"
videos/2026-09,hf_20260904_094004_8bd3a74e-c345-4e51-82d0-c3820e9b436a.mp4,video,2026-09-04 09:40,"loc_erdia-square-destroyed,korin-2,char_lessa,robot-s1g1,robot-c84,rebel-people,rebel-old-man,robot-giant-demoledor,char_rebel-fighter,stella-theron-armor-hoodie,robot-cyclop-s1s2,robot-g45,rebel-woman"
videos/2026-09,hf_20260904_094133_aeb8e105-ea19-4296-bb68-3c47a1bff02b.mp4,video,2026-09-04 09:41,"korin-2,char_lessa,robot-s1g1,robot-c84,rebel-people,rebel-old-man,boro,robot-giant-demoledor,char_rebel-fighter,boro-atack-deffense-skills,robot-cyclop-s1s2,robot-g45,rebel-woman,erdia-palace-surroundings"
videos/2026-09,hf_20260904_112719_bd7db0b1-5538-4089-ae83-36f09f0937f5.mp4,video,2026-09-04 11:27,"loc_erdia-square-destroyed,korin-2,char_lessa,robot-s1g1,robot-c84,rebel-people,rebel-old-man,robot-giant-demoledor,char_rebel-fighter,stella-theron-armor-hoodie,robot-cyclop-s1s2,robot-g45,rebel-woman"
videos/2026-09,hf_20260904_130333_54c9ab11-e9a8-41b2-b8e7-39cfaae14682.mp4,video,2026-09-04 13:03,"loc_erdia-square-destroyed,korin-2,char_lessa,robot-s1g1,robot-c84,rebel-people,rebel-old-man,robot-giant-demoledor,char_rebel-fighter,stella-theron-armor-hoodie,robot-cyclop-s1s2,robot-g45,rebel-woman"
videos/2026-09,hf_20260904_153353_a4467208-d450-4bdc-9373-6e53fd4761df.mp4,video,2026-09-04 15:33,"loc_erdia-square-destroyed,korin-2,char_lessa,robot-s1g1,robot-c84,rebel-people,rebel-old-man,robot-giant-demoledor,char_rebel-fighter,stella-theron-armor-hoodie,robot-cyclop-s1s2,robot-g45"
videos/2026-09,hf_20260904_153927_39b59ace-05fa-4703-baf6-2b1ee76c4b61.mp4,video,2026-09-04 15:39,"loc_erdia-square-destroyed,korin-2,char_lessa,lucy-fighting,robot-s1g1,robot-c84,rebel-people,rebel-old-man,robot-giant-demoledor,noah-fighting,char_rebel-fighter,carl-fighting,robot-cyclop-s1s2"
videos/2026-09,hf_20260904_154848_c1ac23e2-3614-4f29-a94f-1be3d5f4d169.mp4,video,2026-09-04 15:48,"korin-2,char_lessa,robot-s1g1,robot-c84,rebel-people,rebel-old-man,robot-giant-demoledor,char_rebel-fighter,stella-theron-armor-hoodie,robot-cyclop-s1s2,robot-g45,erdia-palace-surroundings"
videos/2026-09,hf_20260904_155213_7bd719e5-bebc-4482-8501-ce72f814ff0e.mp4,video,2026-09-04 15:52,"loc_erdia-square-destroyed,korin-2,char_lessa,lucy-fighting,robot-s1g1,robot-c84,rebel-people,rebel-old-man,robot-giant-demoledor,noah-fighting,char_rebel-fighter,carl-fighting,robot-cyclop-s1s2,robot-g45,rebel-woman"
videos/2026-09,hf_20260904_163044_cc33fdad-bf41-43fa-9bbe-fe9e76df78cb.mp4,video,2026-09-04 16:30,"loc_erdia-square-destroyed,korin-2,char_lessa,robot-s1g1,robot-c84,rebel-people,rebel-old-man,robot-giant-demoledor,char_rebel-fighter,stella-adult-attack-skills,stella-theron-armor-hoodie,robot-cyclop-s1s2,robot-g45"
videos/2026-09,hf_20260904_164555_d4811795-b3d4-416b-a295-8db2dfe2d438.mp4,video,2026-09-04 16:45,"korin-2,char_lessa,robot-s1g1,robot-c84,rebel-people,rebel-old-man,robot-giant-demoledor,char_rebel-fighter,stella-adult-attack-skills,stella-theron-armor-hoodie,robot-cyclop-s1s2,robot-g45,erdia-palace-surroundings"
videos/2026-09,hf_20260904_164651_4d17ff03-d511-467c-9d98-1adf10d339c6.mp4,video,2026-09-04 16:46,"loc_erdia-square-destroyed,korin-2,char_lessa,robot-s1g1,char_gara,robot-c84,rebel-people,rebel-old-man,robot-giant-demoledor,char_rebel-fighter,gara-enko-attack-defense-skills,robot-cyclop-s1s2,robot-g45,rebel-woman,enko"
videos/2026-09,hf_20260904_174730_ac9d0bef-54b1-45fc-b2e6-4654c0d5da30.mp4,video,2026-09-04 17:47,"korin-2,char_lessa,lucy-fighting,robot-s1g1,nima-attack-character,char_gara,robot-c84,rebel-people,vosk,rebel-old-man,boro,robot-giant-demoledor,noah-fighting,nima-attack-skills,char_rebel-fighter,carl-fighting,hessa,boro-atack-deffense-skills,stella-theron-armor-hoodie,gara-enko-attack-defense-skills,hessa-attack-defense-skills,brogu,robot-cyclop-s1s2,robot-g45,vosk-attack-deffence-skills,prop_bros-attack-skill,erdia-palace-surroundings,enko"
videos/2026-09,hf_20260904_182030_d7880d12-7d76-4dbb-aa1c-cab8b2832d16.mp4,video,2026-09-04 18:20,"robot-s1g1,loc_facade,ship-enemy-erdia,stella-dash-skill,stella-adult-attack-skills,stella-theron-armor-hoodie"
videos/2026-09,hf_20260904_183608_8b95c1fd-4567-4395-b66e-01e4f7b357e0.mp4,video,2026-09-04 18:36,"loc_erdia-square-destroyed,korin-2,char_lessa,lucy-fighting,robot-s1g1,nima-attack-character,char_gara,robot-c84,rebel-people,vosk,rebel-old-man,boro,robot-giant-demoledor,noah-fighting,nima-attack-skills,char_rebel-fighter,carl-fighting,hessa,stella-adult-attack-skills,boro-atack-deffense-skills,stella-theron-armor-hoodie,gara-enko-attack-defense-skills,hessa-attack-defense-skills,brogu,robot-cyclop-s1s2,robot-g45,vosk-attack-deffence-skills,prop_bros-attack-skill,enko"
videos/2026-09,hf_20260904_185248_2bacfad7-cc43-4095-9663-b7fee45b7f02.mp4,video,2026-09-04 18:52,"robot-s1g1,loc_facade,stella-dash-skill,stella-adult-attack-skills,stella-theron-armor-hoodie"
videos/2026-09,hf_20260904_185640_8d40d209-ce26-4819-9162-1ccee5139f14.mp4,video,2026-09-04 18:56,"robot-s1g1,loc_facade,stella-dash-skill,stella-adult-attack-skills,stella-theron-armor-hoodie"
videos/2026-09,hf_20260904_190223_6207101a-344d-4ed3-9c0e-cf83ca5101e2.mp4,video,2026-09-04 19:02,"loc_erdia-square-destroyed,korin-2,char_lessa,lucy-fighting,robot-s1g1,nima-attack-character,char_gara,robot-c84,vosk,rebel-old-man,boro,robot-giant-demoledor,noah-fighting,nima-attack-skills,char_rebel-fighter,carl-fighting,hessa,stella-adult-attack-skills,boro-atack-deffense-skills,stella-theron-armor-hoodie,gara-enko-attack-defense-skills,hessa-attack-defense-skills,brogu,robot-cyclop-s1s2,robot-g45,rebel-woman,vosk-attack-deffence-skills,prop_bros-attack-skill,enko"
videos/2026-09,hf_20260904_192043_17c2d350-50af-4e15-b051-6088c0c96bf9.mp4,video,2026-09-04 19:20,"robot-s1g1,loc_facade,stella-dash-skill,stella-adult-attack-skills,stella-theron-armor-hoodie"
videos/2026-09,hf_20260904_192405_f82e7de7-e34c-4e75-8657-a584075e4a66.mp4,video,2026-09-04 19:24,"robot-s1g1,loc_facade,stella-dash-skill,stella-adult-attack-skills,stella-theron-armor-hoodie"
videos/2026-09,hf_20260904_201959_1194e70d-7582-431b-afab-a3cb70792901.mp4,video,2026-09-04 20:19,"robot-s1g1,loc_facade,stella-dash-skill,stella-adult-attack-skills,stella-theron-armor-hoodie"
videos/2026-09,hf_20260905_012217_6ec7fb1d-8ea4-4de8-bf56-a8a1e6ec203f.mp4,video,2026-09-05 01:22,"loc_facade,stella-dash-skill,stella-adult-attack-skills,loc_erdia-orbe-room-destroyed,stella-theron-armor-hoodie,loc_duct"
videos/2026-09,hf_20260905_014613_b6351eac-ac94-425a-b7c3-4c0e046a7921.mp4,video,2026-09-05 01:46,"loc_facade,stella-dash-skill,stella-adult-attack-skills,loc_erdia-orbe-room-destroyed,stella-theron-armor-hoodie,loc_duct"
videos/2026-09,hf_20260905_035107_e3a936db-c643-4aa8-ad5d-234e8cbb69cc.mp4,video,2026-09-05 03:51,"korin-2,char_lessa,robot-s1g1,char_gara,robot-c84,rebel-people,rebel-old-man,robot-giant-demoledor,char_rebel-fighter,gara-enko-attack-defense-skills,robot-cyclop-s1s2,robot-g45,erdia-palace-surroundings,enko"
videos/2026-09,hf_20260905_183259_e4f29aff-0670-4ad1-9b75-af538b72eb4e.mp4,video,2026-09-05 18:32,"loc_facade,stella-dash-skill,stella-theron-armor-hoodie,loc_duct"
videos/2026-09,hf_20260905_185453_e761b8ac-07aa-496c-ae2e-99663de32556.mp4,video,2026-09-05 18:54,"loc_facade,stella-dash-skill,stella-theron-armor-hoodie,loc_duct"
videos/2026-09,hf_20260906_032718_72d1cca5-50fc-4eb9-9af8-4d8cf50993a0.mp4,video,2026-09-06 03:27,"loc_facade,selka-adult-ver-1,stella-dash-skill,stella-adult-attack-skills,stella-theron-armor-hoodie,loc_duct,orb-hall-no-orb,prop_palace-cover"
videos/2026-09,hf_20260906_040103_bf10b746-fc3a-40f7-a376-db5c3349e73c.mp4,video,2026-09-06 04:01,"loc_facade,stella-moveskill-dash,stella-adult-attack-skills,stella-theron-armor-hoodie,loc_duct,orb-hall-no-orb,prop_palace-cover"
videos/2026-09,hf_20260906_041438_9b30b06c-e0c0-4ce3-9847-ee74c7fc90af.mp4,video,2026-09-06 04:14,"loc_facade,stella-moveskill-dash,stella-adult-attack-skills,stella-theron-armor-hoodie,loc_duct,orb-hall-no-orb,prop_palace-cover"
videos/2026-09,hf_20260906_044318_089bef55-856d-4ad2-bf66-ec06de27eb52.mp4,video,2026-09-06 04:43,"loc_facade,stella-moveskill-dash,stella-adult-attack-skills,stella-theron-armor-hoodie,loc_duct,orb-hall-no-orb,prop_palace-cover"
videos/2026-09,hf_20260906_050806_6981920b-000b-4021-83e8-41f48eef4a23.mp4,video,2026-09-06 05:08,"loc_facade,stella-moveskill-dash,stella-adult-attack-skills,stella-theron-armor-hoodie,loc_duct,orb-hall-no-orb,prop_palace-cover"
videos/2026-09,hf_20260906_051533_5463729b-e203-41db-8886-20dd6c907645.mp4,video,2026-09-06 05:15,"loc_facade,stella-adult-attack-skills,stella-theron-armor-hoodie,loc_duct,prop_palace-cover"
videos/2026-09,hf_20260906_053121_006aaad0-5156-46c7-b9cc-ee2469ed237f.mp4,video,2026-09-06 05:31,"loc_facade,stella-adult-attack-skills,stella-theron-armor-hoodie,loc_duct,prop_palace-cover"
videos/2026-09,hf_20260906_055029_83e7cd02-f650-4f2f-897a-3c3786e61e05.mp4,video,2026-09-06 05:50,"loc_facade,stella-adult-attack-skills,stella-theron-armor-hoodie,loc_duct,prop_palace-cover"
videos/2026-09,hf_20260906_060113_4eddceda-6951-4c82-b9e3-40857325c70d.mp4,video,2026-09-06 06:01,"loc_facade,stella-adult-attack-skills,stella-theron-armor-hoodie,loc_duct,prop_palace-cover"
videos/2026-09,hf_20260906_061753_c0dd66f6-0a55-46f0-91a6-3b1b3c4a48c0.mp4,video,2026-09-06 06:17,"selka-adult-ver-1,stella-theron-armor-hoodie,orb-hall-no-orb"
videos/2026-09,hf_20260906_064413_e03fba51-89b0-4acb-a71a-c700379c4d9f.mp4,video,2026-09-06 06:44,"selka-adult-ver-1,stella-theron-armor-hoodie,orb-hall-no-orb"
videos/2026-09,hf_20260906_071038_011be92a-017c-4dc8-b7a5-625442c5db43.mp4,video,2026-09-06 07:10,"selka-adult-ver-1,stella-theron-armor-hoodie,orb-hall-no-orb"
videos/2026-09,hf_20260906_073811_7aa07cd0-3df8-4677-b5e9-41cf0c7fcbf5.mp4,video,2026-09-06 07:38,"selka-adult-ver-1,stella-theron-armor-hoodie,orb-hall-no-orb"
videos/2026-09,hf_20260906_081320_76dc9559-391f-4bb1-af7f-b9a9165cfd82.mp4,video,2026-09-06 08:13,"selka-adult-ver-1,stella-theron-armor-hoodie,orb-hall-no-orb"
videos/2026-09,hf_20260906_092045_7a06e307-02be-4629-9c07-371ee62b31b6.mp4,video,2026-09-06 09:20,"stella-theron-armor-hoodie,orb-hall-no-orb"
videos/2026-09,hf_20260906_092616_148caaea-0374-4c5e-a643-e09d041b5701.mp4,video,2026-09-06 09:26,"stella-theron-armor-hoodie,orb-hall-no-orb"
videos/2026-09,hf_20260906_092643_83efe9ec-380b-4b3e-a620-282b87007117.mp4,video,2026-09-06 09:26,"stella-theron-armor-hoodie,orb-hall-no-orb"
videos/2026-09,hf_20260906_100105_c765afcb-b6c1-402e-9fab-c40a1113f285.mp4,video,2026-09-06 10:01,"stella-theron-armor-hoodie,orb-hall-no-orb"
videos/2026-09,hf_20260906_100119_8cd93307-e510-4070-acd0-513d4c410b6e.mp4,video,2026-09-06 10:01,"stella-theron-armor-hoodie,orb-hall-no-orb"
videos/2026-09,hf_20260906_103106_3952fd9f-df64-4ce4-b309-9784b4691813.mp4,video,2026-09-06 10:31,"planet-of-comets,brogu,char_char_stella-adult-armor"
videos/2026-09,hf_20260906_105136_935c43fa-35a9-4bcb-a1e4-bf4f24039e79.mp4,video,2026-09-06 10:51,"planet-of-comets,brogu,stella-long-hair-theron,gix"
videos/2026-09,hf_20260907_010704_657fe4be-7e79-4cb8-a9e7-0f1452b44a78.mp4,video,2026-09-07 01:07,"space-port,char_stella-adult-theron-cloths"
videos/2026-09,hf_20260907_010858_9b3c90b4-89b3-42bf-a0ae-baa2a73bd5b6.mp4,video,2026-09-07 01:08,"loc_space-port-lake,char_stella-adult-theron-cloths"
videos/2026-09,hf_20260907_011858_0a33989b-0c76-4562-be38-50edf786a03b.mp4,video,2026-09-07 01:18,char_stella-adult-theron-cloths
videos/2026-09,hf_20260907_012218_8f256b1c-436d-4bca-91fa-34ec7e38ad5b.mp4,video,2026-09-07 01:22,"loc_space-port-lake,space-port,char_stella-adult-theron-cloths"
videos/2026-09,hf_20260907_012350_bd07d633-7c06-4bf3-9a0a-451b621af962.mp4,video,2026-09-07 01:23,"loc_space-port-lake,space-port,char_stella-adult-theron-cloths"
videos/2026-09,hf_20260907_012619_4f7eab65-4eaf-456b-acaf-dc4cbf5a0c4c.mp4,video,2026-09-07 01:26,char_stella-adult-theron-cloths
videos/2026-09,hf_20260907_013856_95201382-9425-4e6f-b6cb-4bef7b58a405.mp4,video,2026-09-07 01:38,char_stella-adult-theron-cloths
videos/2026-09,hf_20260907_013903_f49507f9-3161-45d3-a21e-209138183a7f.mp4,video,2026-09-07 01:39,char_stella-adult-theron-cloths
videos/2026-09,hf_20260907_014856_428b5aa5-de50-4db9-bcf3-8a36adc3d0e0.mp4,video,2026-09-07 01:48,char_stella-adult-theron-cloths
videos/2026-09,hf_20260907_015728_873af02d-c66d-41c2-ba9a-b82a1177f558.mp4,video,2026-09-07 01:57,char_stella-adult-theron-cloths
videos/2026-09,hf_20260907_020255_a388f29b-394b-406c-ab54-827a86204da0.mp4,video,2026-09-07 02:02,char_stella-adult-theron-cloths
videos/2026-09,hf_20260907_022108_22cfa865-6f8c-42cf-acd8-ceb7b89a10cb.mp4,video,2026-09-07 02:21,char_stella-adult-theron-cloths
videos/2026-09,hf_20260907_025828_4a30b1a8-6ddb-461f-8073-68bd45531bf0.mp4,video,2026-09-07 02:58,"char_selk,selka-girl-scar,vortham,robot-g44,loc_erdia-palace-traingin-room"
videos/2026-09,hf_20260907_031254_44cc1e53-ed26-454b-a427-314559db27a1.mp4,video,2026-09-07 03:12,"selka-girl-scar,vortham,robot-g44,loc_erdia-palace-traingin-room"
videos/2026-09,hf_20260907_031952_a571f3ea-116d-4207-97dc-7a260b88194c.mp4,video,2026-09-07 03:19,"char_selk,selka-girl-scar,vortham,robot-g44,loc_erdia-palace-traingin-room"
videos/2026-09,hf_20260907_032820_f5a48fcc-bbc4-49b0-b334-31c19c55e42d.mp4,video,2026-09-07 03:28,"prop_orb,char_stella-adult-theron,loc_mothership-hall"
videos/2026-09,hf_20260907_032848_39053589-c800-4680-8e50-877a7fdae33c.mp4,video,2026-09-07 03:28,"char_selk,selka-girl-scar,vortham,robot-g44,loc_erdia-palace-traingin-room"
videos/2026-09,hf_20260907_033234_6207f377-ed8a-4b84-888a-ad2d90153704.mp4,video,2026-09-07 03:32,"char_selk,selka-girl-scar,vortham,robot-g44,loc_erdia-palace-traingin-room"
videos/2026-09,hf_20260907_054909_86f40f22-246c-4320-b22d-3e6802d63596.mp4,video,2026-09-07 05:49,"char_selk,selka-girl-scar,vortham,loc_erdia-palace-traingin-room"
videos/2026-09,hf_20260907_063245_f101d6d7-2a73-4171-b9e6-248287f960d2.mp4,video,2026-09-07 06:32,"char_selk,vortham,robot-g44,loc_erdia-palace-traingin-room"
videos/2026-09,hf_20260907_063340_d1105488-2a58-478a-9961-8e990e26af1d.mp4,video,2026-09-07 06:33,"char_selk,selka-girl-scar,vortham,loc_erdia-palace-traingin-room"
videos/2026-09,hf_20260907_064943_75841191-0194-4bb3-a7b8-8a247821b153.mp4,video,2026-09-07 06:49,"selka-girl-scar,vortham,robot-g44,loc_erdia-palace-traingin-room"
videos/2026-09,hf_20260907_072951_f184a4f6-f76c-437e-b975-21aefea16b1d.mp4,video,2026-09-07 07:29,"selka-girl-scar,robot-g44,loc_erdia-palace-traingin-room"
videos/2026-09,hf_20260907_174405_c841642a-75a2-4a79-931f-92297fe3aa04.mp4,video,2026-09-07 17:44,"selka-girl-scar,robot-g44,loc_erdia-palace-traingin-room"
videos/2026-09,hf_20260907_180046_686afeb4-f612-4cb2-9480-edd0346f2c9e.mp4,video,2026-09-07 18:00,"selka-girl-scar,vortham-no-coat,loc_erdia-palace-traingin-room"
videos/2026-09,hf_20260907_181535_828d2b17-5924-4459-915c-e731c49626bd.mp4,video,2026-09-07 18:15,"orb-hall-with-orb,char_ver,robot-g44,selka-baby,stella-armor,prop_orbe-in-room"
videos/2026-09,hf_20260907_191937_1866b89b-71dc-400a-a68c-9026a643ef63.mp4,video,2026-09-07 19:19,"prop_stella-bracelet,gix-transformation,robot-giant-demoledor,stella-armor-blood,robot-g44,selka-baby,orb-hall-destroyed,vera-blood,prop_orbe-in-room,gix-giant,gix"
videos/2026-09,hf_20260907_192453_a7ba8596-ff3c-4598-9413-757e199809df.mp4,video,2026-09-07 19:24,"vera-deffense-skills,orb-hall-with-orb,stella-yourng-skills,vera-atack-skills,char_ver,stella-defense-skills,stella-moveskill-dash,robot-g44,selka-baby,stella-armor,prop_orbe-in-room"
videos/2026-09,hf_20260907_194703_72141ac9-5af7-47d8-84de-ba468ddae0e6.mp4,video,2026-09-07 19:47,"prop_stella-bracelet,gix-transformation,robot-giant-demoledor,stella-armor-blood,robot-g44,selka-baby,orb-hall-destroyed,vera-blood,prop_orbe-in-room,gix-giant,gix"
videos/2026-09,hf_20260907_214141_781649e0-e414-4d11-a240-cffd1665518b.mp4,video,2026-09-07 21:41,"char_junk-planet-species-2,noha-clean,char_junk-planet-species-5,junk-planet-species-3,char_lucy,char_junk-planet-species-4,char_junk-planet-fight-host,char_junk-planet-species,carl,loc_junk-planet-colisseum,junk-planet-species,prop_collar,stella-collar"
videos/2026-09,hf_20260907_215405_061cb019-862c-4f32-ad2b-dcb96195af24.mp4,video,2026-09-07 21:54,"char_junk-planet-species-2,char_gara,vosk,noha-clean,char_junk-planet-species-5,junk-planet-species-3,char_lucy,char_junk-planet-species-4,char_junk-planet-species,anti-gravity-shiop,carl,loc_junk-planet-colisseum,junk-planet-species,prop_collar,stella-collar,enko"
videos/2026-09,hf_20260907_221838_3e084679-0848-4ed8-a638-2e0df66bd2d9.mp4,video,2026-09-07 22:18,"char_junk-planet-species-2,noha-clean,char_junk-planet-species-5,junk-planet-species-3,char_lucy,char_junk-planet-species-4,char_junk-planet-fight-host,char_junk-planet-species,carl,loc_junk-planet-colisseum,junk-planet-species,prop_collar,stella-collar"
